"sampleID","county","lat","lon","agriculture","developed","forest","other","water","wetland"
"DJ4722","Autauga",32.532237,-86.64644,20.1835794616887,9.12044980193787,45.0251424926917,13.051054555696,1.35107769856355,11.2686959894222
"DJ1922","Autauga",32.532237,-86.64644,20.1835794616887,9.12044980193787,45.0251424926917,13.051054555696,1.35107769856355,11.2686959894222
"DJ4622","Autauga",32.532237,-86.64644,20.1835794616887,9.12044980193787,45.0251424926917,13.051054555696,1.35107769856355,11.2686959894222
"DJ2005","Autauga",32.532237,-86.64644,20.1835794616887,9.12044980193787,45.0251424926917,13.051054555696,1.35107769856355,11.2686959894222
"DJ0720","Autauga",32.532237,-86.64644,20.1835794616887,9.12044980193787,45.0251424926917,13.051054555696,1.35107769856355,11.2686959894222
"26564","Autauga",32.532237,-86.64644,20.1835794616887,9.12044980193787,45.0251424926917,13.051054555696,1.35107769856355,11.2686959894222
"E095","Autauga",32.532237,-86.64644,20.1835794616887,9.12044980193787,45.0251424926917,13.051054555696,1.35107769856355,11.2686959894222
"E306","Baldwin",30.659218,-87.746067,12.237676965978,9.8360830726666,26.1718328596891,6.78590957948735,21.1807671398395,23.7877303823394
"E093","Baldwin",30.659218,-87.746067,12.237676965978,9.8360830726666,26.1718328596891,6.78590957948735,21.1807671398395,23.7877303823394
"E333","Baldwin",30.659218,-87.746067,12.237676965978,9.8360830726666,26.1718328596891,6.78590957948735,21.1807671398395,23.7877303823394
"5-592","Baldwin",30.659218,-87.746067,12.237676965978,9.8360830726666,26.1718328596891,6.78590957948735,21.1807671398395,23.7877303823394
"5-189","Barbour",31.870253,-85.405103,16.4811955812025,5.68172729087746,50.5809745060388,15.2245148087481,2.17891735270068,9.85267046043247
"5864512","Blount",33.977358,-86.56644,33.4480258830026,10.5319621387029,50.9900769463366,3.17853931584539,1.01501303418375,0.836382681928824
"5727354","Blount",33.977358,-86.56644,33.4480258830026,10.5319621387029,50.9900769463366,3.17853931584539,1.01501303418375,0.836382681928824
"26375","Blount",33.977358,-86.56644,33.4480258830026,10.5319621387029,50.9900769463366,3.17853931584539,1.01501303418375,0.836382681928824
"26031","Blount",33.977358,-86.56644,33.4480258830026,10.5319621387029,50.9900769463366,3.17853931584539,1.01501303418375,0.836382681928824
"5848332","Calhoun",33.770516,-85.827909,18.5887879250309,17.773709366387,56.1164976142307,5.3735036364989,0.808815301489708,1.33868615636283
"5847060","Calhoun",33.770516,-85.827909,18.5887879250309,17.773709366387,56.1164976142307,5.3735036364989,0.808815301489708,1.33868615636283
"5848211","Calhoun",33.770516,-85.827909,18.5887879250309,17.773709366387,56.1164976142307,5.3735036364989,0.808815301489708,1.33868615636283
"5899486","Calhoun",33.770516,-85.827909,18.5887879250309,17.773709366387,56.1164976142307,5.3735036364989,0.808815301489708,1.33868615636283
"5906101","Calhoun",33.770516,-85.827909,18.5887879250309,17.773709366387,56.1164976142307,5.3735036364989,0.808815301489708,1.33868615636283
"25115","Calhoun",33.770516,-85.827909,18.5887879250309,17.773709366387,56.1164976142307,5.3735036364989,0.808815301489708,1.33868615636283
"24977","Calhoun",33.770516,-85.827909,18.5887879250309,17.773709366387,56.1164976142307,5.3735036364989,0.808815301489708,1.33868615636283
"24593","Cherokee",34.069515,-85.654242,25.9315555458275,7.95674116064217,49.7386324161388,6.94315063297222,7.55424170132822,1.87567854309105
"JR1936","Cherokee",34.069515,-85.654242,25.9315555458275,7.95674116064217,49.7386324161388,6.94315063297222,7.55424170132822,1.87567854309105
"5-039","Cherokee",34.069515,-85.654242,25.9315555458275,7.95674116064217,49.7386324161388,6.94315063297222,7.55424170132822,1.87567854309105
"25968","Cherokee",34.069515,-85.654242,25.9315555458275,7.95674116064217,49.7386324161388,6.94315063297222,7.55424170132822,1.87567854309105
"26494","Cherokee",34.069515,-85.654242,25.9315555458275,7.95674116064217,49.7386324161388,6.94315063297222,7.55424170132822,1.87567854309105
"24788","Cherokee",34.069515,-85.654242,25.9315555458275,7.95674116064217,49.7386324161388,6.94315063297222,7.55424170132822,1.87567854309105
"26062","Cherokee",34.069515,-85.654242,25.9315555458275,7.95674116064217,49.7386324161388,6.94315063297222,7.55424170132822,1.87567854309105
"25445","Chilton",32.854051,-86.726607,17.820275559241,9.76123205323113,51.4063054051481,11.9880369788834,1.14844570605336,7.87570429744292
"25592","Chilton",32.854051,-86.726607,17.820275559241,9.76123205323113,51.4063054051481,11.9880369788834,1.14844570605336,7.87570429744292
"26548","Clay",33.2704,-85.863525,12.4583008460205,5.65204558158044,68.8924215112056,11.37832282037,0.283424278816364,1.3354849620071
"24419","Cleburne",33.671964,-85.516126,10.2197410309074,5.81032190606219,73.3592609686109,9.93832637113213,0.315200865793833,0.357148857493614
"E941","Coffee",31.402258,-85.989602,28.5545828861066,9.88198912084991,39.7096276793089,9.06128641336894,0.741294417857125,12.0512194825086
"E675","Coffee",31.402258,-85.989602,28.5545828861066,9.88198912084991,39.7096276793089,9.06128641336894,0.741294417857125,12.0512194825086
"E706","Coffee",31.402258,-85.989602,28.5545828861066,9.88198912084991,39.7096276793089,9.06128641336894,0.741294417857125,12.0512194825086
"25515","Coffee",31.402258,-85.989602,28.5545828861066,9.88198912084991,39.7096276793089,9.06128641336894,0.741294417857125,12.0512194825086
"E919","Coffee",31.402258,-85.989602,28.5545828861066,9.88198912084991,39.7096276793089,9.06128641336894,0.741294417857125,12.0512194825086
"5758766","Colbert",34.703112,-87.801457,29.8880090754175,10.9786177830705,44.9127540441387,5.3006832794503,4.58718727240374,4.33274854551919
"26396","Cullman",34.131923,-86.869267,38.7186674049317,13.7683118026989,40.9155396900437,3.20597685553992,2.21771535559295,1.1737888911928
"3525","Cullman",34.131923,-86.869267,38.7186674049317,13.7683118026989,40.9155396900437,3.20597685553992,2.21771535559295,1.1737888911928
"5829191","Cullman",34.131923,-86.869267,38.7186674049317,13.7683118026989,40.9155396900437,3.20597685553992,2.21771535559295,1.1737888911928
"E611","Dale",31.430654,-85.609476,23.1060352762385,11.7288605259167,41.7642106725224,7.1135365932062,0.62658298623846,15.6607739458777
"E474","Dale",31.430654,-85.609476,23.1060352762385,11.7288605259167,41.7642106725224,7.1135365932062,0.62658298623846,15.6607739458777
"E931","Dale",31.430654,-85.609476,23.1060352762385,11.7288605259167,41.7642106725224,7.1135365932062,0.62658298623846,15.6607739458777
"E1221","Dallas",32.333526,-87.11436,24.7882066865081,6.20498575390242,35.6249197870549,5.82806796955063,2.17510326037462,25.3787165426093
"5861322","DeKalb",34.460915,-85.804021,42.9669804449368,11.1181668565043,42.3684695021889,2.92642427085317,0.422444303302731,0.197514622214048
"BL2009","DeKalb",34.460915,-85.804021,42.9669804449368,11.1181668565043,42.3684695021889,2.92642427085317,0.422444303302731,0.197514622214048
"BL2012","DeKalb",34.460915,-85.804021,42.9669804449368,11.1181668565043,42.3684695021889,2.92642427085317,0.422444303302731,0.197514622214048
"BL206","DeKalb",34.460915,-85.804021,42.9669804449368,11.1181668565043,42.3684695021889,2.92642427085317,0.422444303302731,0.197514622214048
"BL1904","DeKalb",34.460915,-85.804021,42.9669804449368,11.1181668565043,42.3684695021889,2.92642427085317,0.422444303302731,0.197514622214048
"25666","DeKalb",34.460915,-85.804021,42.9669804449368,11.1181668565043,42.3684695021889,2.92642427085317,0.422444303302731,0.197514622214048
"25989","DeKalb",34.460915,-85.804021,42.9669804449368,11.1181668565043,42.3684695021889,2.92642427085317,0.422444303302731,0.197514622214048
"24605","DeKalb",34.460915,-85.804021,42.9669804449368,11.1181668565043,42.3684695021889,2.92642427085317,0.422444303302731,0.197514622214048
"DJ0521","Elmore",32.597229,-86.142735,21.0195540769476,11.5016985715618,49.0038244229255,6.09510202836131,5.44470226880071,6.93511863140303
"25636","Elmore",32.597229,-86.142735,21.0195540769476,11.5016985715618,49.0038244229255,6.09510202836131,5.44470226880071,6.93511863140303
"26114","Elmore",32.597229,-86.142735,21.0195540769476,11.5016985715618,49.0038244229255,6.09510202836131,5.44470226880071,6.93511863140303
"24646","Elmore",32.597229,-86.142735,21.0195540769476,11.5016985715618,49.0038244229255,6.09510202836131,5.44470226880071,6.93511863140303
"5854681","Etowah",34.047641,-86.034263,26.2554255917645,17.7264663828527,46.9918450859966,4.21746062456897,2.55357281525867,2.25522949955863
"5767737","Etowah",34.047641,-86.034263,26.2554255917645,17.7264663828527,46.9918450859966,4.21746062456897,2.55357281525867,2.25522949955863
"5786437","Etowah",34.047641,-86.034263,26.2554255917645,17.7264663828527,46.9918450859966,4.21746062456897,2.55357281525867,2.25522949955863
"5406022","Etowah",34.047641,-86.034263,26.2554255917645,17.7264663828527,46.9918450859966,4.21746062456897,2.55357281525867,2.25522949955863
"5774538","Etowah",34.047641,-86.034263,26.2554255917645,17.7264663828527,46.9918450859966,4.21746062456897,2.55357281525867,2.25522949955863
"26407","Etowah",34.047641,-86.034263,26.2554255917645,17.7264663828527,46.9918450859966,4.21746062456897,2.55357281525867,2.25522949955863
"5774538-B","Etowah",34.047641,-86.034263,26.2554255917645,17.7264663828527,46.9918450859966,4.21746062456897,2.55357281525867,2.25522949955863
"JR18153","Etowah",34.047641,-86.034263,26.2554255917645,17.7264663828527,46.9918450859966,4.21746062456897,2.55357281525867,2.25522949955863
"JR18154","Etowah",34.047641,-86.034263,26.2554255917645,17.7264663828527,46.9918450859966,4.21746062456897,2.55357281525867,2.25522949955863
"JR18166","Etowah",34.047641,-86.034263,26.2554255917645,17.7264663828527,46.9918450859966,4.21746062456897,2.55357281525867,2.25522949955863
"JR18169","Etowah",34.047641,-86.034263,26.2554255917645,17.7264663828527,46.9918450859966,4.21746062456897,2.55357281525867,2.25522949955863
"JR18178","Etowah",34.047641,-86.034263,26.2554255917645,17.7264663828527,46.9918450859966,4.21746062456897,2.55357281525867,2.25522949955863
"JR18176","Etowah",34.047641,-86.034263,26.2554255917645,17.7264663828527,46.9918450859966,4.21746062456897,2.55357281525867,2.25522949955863
"JR18179","Etowah",34.047641,-86.034263,26.2554255917645,17.7264663828527,46.9918450859966,4.21746062456897,2.55357281525867,2.25522949955863
"JR18215","Etowah",34.047641,-86.034263,26.2554255917645,17.7264663828527,46.9918450859966,4.21746062456897,2.55357281525867,2.25522949955863
"JR18216","Etowah",34.047641,-86.034263,26.2554255917645,17.7264663828527,46.9918450859966,4.21746062456897,2.55357281525867,2.25522949955863
"JR18219","Etowah",34.047641,-86.034263,26.2554255917645,17.7264663828527,46.9918450859966,4.21746062456897,2.55357281525867,2.25522949955863
"JR18220","Etowah",34.047641,-86.034263,26.2554255917645,17.7264663828527,46.9918450859966,4.21746062456897,2.55357281525867,2.25522949955863
"JR18232","Etowah",34.047641,-86.034263,26.2554255917645,17.7264663828527,46.9918450859966,4.21746062456897,2.55357281525867,2.25522949955863
"JR1950","Etowah",34.047641,-86.034263,26.2554255917645,17.7264663828527,46.9918450859966,4.21746062456897,2.55357281525867,2.25522949955863
"JR1951","Etowah",34.047641,-86.034263,26.2554255917645,17.7264663828527,46.9918450859966,4.21746062456897,2.55357281525867,2.25522949955863
"JR1953","Etowah",34.047641,-86.034263,26.2554255917645,17.7264663828527,46.9918450859966,4.21746062456897,2.55357281525867,2.25522949955863
"JR1956","Etowah",34.047641,-86.034263,26.2554255917645,17.7264663828527,46.9918450859966,4.21746062456897,2.55357281525867,2.25522949955863
"JR1978","Etowah",34.047641,-86.034263,26.2554255917645,17.7264663828527,46.9918450859966,4.21746062456897,2.55357281525867,2.25522949955863
"JR1948","Etowah",34.047641,-86.034263,26.2554255917645,17.7264663828527,46.9918450859966,4.21746062456897,2.55357281525867,2.25522949955863
"JR18259","Etowah",34.047641,-86.034263,26.2554255917645,17.7264663828527,46.9918450859966,4.21746062456897,2.55357281525867,2.25522949955863
"JR1949","Etowah",34.047641,-86.034263,26.2554255917645,17.7264663828527,46.9918450859966,4.21746062456897,2.55357281525867,2.25522949955863
"26170","Etowah",34.047641,-86.034263,26.2554255917645,17.7264663828527,46.9918450859966,4.21746062456897,2.55357281525867,2.25522949955863
"25786","Etowah",34.047641,-86.034263,26.2554255917645,17.7264663828527,46.9918450859966,4.21746062456897,2.55357281525867,2.25522949955863
"26575","Etowah",34.047641,-86.034263,26.2554255917645,17.7264663828527,46.9918450859966,4.21746062456897,2.55357281525867,2.25522949955863
"JM2201","Fayette",33.716157,-87.764292,10.4115937790867,6.76718044649779,59.6229960277459,11.8858550083539,0.249464085868897,11.0629106524468
"AT23002","Fayette",33.716157,-87.764292,10.4115937790867,6.76718044649779,59.6229960277459,11.8858550083539,0.249464085868897,11.0629106524468
"AT23018","Fayette",33.716157,-87.764292,10.4115937790867,6.76718044649779,59.6229960277459,11.8858550083539,0.249464085868897,11.0629106524468
"AT231024","Fayette",33.716157,-87.764292,10.4115937790867,6.76718044649779,59.6229960277459,11.8858550083539,0.249464085868897,11.0629106524468
"AT2331","Fayette",33.716157,-87.764292,10.4115937790867,6.76718044649779,59.6229960277459,11.8858550083539,0.249464085868897,11.0629106524468
"JM2317","Fayette",33.716157,-87.764292,10.4115937790867,6.76718044649779,59.6229960277459,11.8858550083539,0.249464085868897,11.0629106524468
"25113","Fayette",33.716157,-87.764292,10.4115937790867,6.76718044649779,59.6229960277459,11.8858550083539,0.249464085868897,11.0629106524468
"25108","Fayette",33.716157,-87.764292,10.4115937790867,6.76718044649779,59.6229960277459,11.8858550083539,0.249464085868897,11.0629106524468
"E987","Geneva",31.092382,-85.821022,42.2333041872634,9.25669529062299,24.0096196483997,5.07065103051511,0.900688619614079,18.5290412235848
"E158","Houston",31.158183,-85.296411,43.479316241695,17.2128771446848,16.4367759728325,5.04098510135595,0.43769575211875,17.3923497873129
"E596","Houston",31.158183,-85.296411,43.479316241695,17.2128771446848,16.4367759728325,5.04098510135595,0.43769575211875,17.3923497873129
"E284","Houston",31.158183,-85.296411,43.479316241695,17.2128771446848,16.4367759728325,5.04098510135595,0.43769575211875,17.3923497873129
"E595","Houston",31.158183,-85.296411,43.479316241695,17.2128771446848,16.4367759728325,5.04098510135595,0.43769575211875,17.3923497873129
"E478","Houston",31.158183,-85.296411,43.479316241695,17.2128771446848,16.4367759728325,5.04098510135595,0.43769575211875,17.3923497873129
"E650","Houston",31.158183,-85.296411,43.479316241695,17.2128771446848,16.4367759728325,5.04098510135595,0.43769575211875,17.3923497873129
"5307351","Houston",31.158183,-85.296411,43.479316241695,17.2128771446848,16.4367759728325,5.04098510135595,0.43769575211875,17.3923497873129
"25491","Jackson",34.764114,-85.980056,26.6833292770439,6.81316203974923,57.8783492956087,1.96548624150797,3.75175226770688,2.90792087838326
"25698","Jackson",34.764114,-85.980056,26.6833292770439,6.81316203974923,57.8783492956087,1.96548624150797,3.75175226770688,2.90792087838326
"E4509","Jackson",34.764114,-85.980056,26.6833292770439,6.81316203974923,57.8783492956087,1.96548624150797,3.75175226770688,2.90792087838326
"5871597","Jefferson",33.553444,-86.896536,6.09055537285545,35.0983119564205,51.666710279932,5.02143198165162,1.09546574305571,1.02752466608467
"5755567","Jefferson",33.553444,-86.896536,6.09055537285545,35.0983119564205,51.666710279932,5.02143198165162,1.09546574305571,1.02752466608467
"AL18099","Jefferson",33.553444,-86.896536,6.09055537285545,35.0983119564205,51.666710279932,5.02143198165162,1.09546574305571,1.02752466608467
"JR2005","Jefferson",33.553444,-86.896536,6.09055537285545,35.0983119564205,51.666710279932,5.02143198165162,1.09546574305571,1.02752466608467
"JR18147","Jefferson",33.553444,-86.896536,6.09055537285545,35.0983119564205,51.666710279932,5.02143198165162,1.09546574305571,1.02752466608467
"JR18146","Jefferson",33.553444,-86.896536,6.09055537285545,35.0983119564205,51.666710279932,5.02143198165162,1.09546574305571,1.02752466608467
"JR18183","Jefferson",33.553444,-86.896536,6.09055537285545,35.0983119564205,51.666710279932,5.02143198165162,1.09546574305571,1.02752466608467
"JR18184","Jefferson",33.553444,-86.896536,6.09055537285545,35.0983119564205,51.666710279932,5.02143198165162,1.09546574305571,1.02752466608467
"JR1945","Jefferson",33.553444,-86.896536,6.09055537285545,35.0983119564205,51.666710279932,5.02143198165162,1.09546574305571,1.02752466608467
"JR1958","Jefferson",33.553444,-86.896536,6.09055537285545,35.0983119564205,51.666710279932,5.02143198165162,1.09546574305571,1.02752466608467
"JR1981","Jefferson",33.553444,-86.896536,6.09055537285545,35.0983119564205,51.666710279932,5.02143198165162,1.09546574305571,1.02752466608467
"JR1984","Jefferson",33.553444,-86.896536,6.09055537285545,35.0983119564205,51.666710279932,5.02143198165162,1.09546574305571,1.02752466608467
"JR1998","Jefferson",33.553444,-86.896536,6.09055537285545,35.0983119564205,51.666710279932,5.02143198165162,1.09546574305571,1.02752466608467
"JR1999","Jefferson",33.553444,-86.896536,6.09055537285545,35.0983119564205,51.666710279932,5.02143198165162,1.09546574305571,1.02752466608467
"JR18265","Jefferson",33.553444,-86.896536,6.09055537285545,35.0983119564205,51.666710279932,5.02143198165162,1.09546574305571,1.02752466608467
"JR18266","Jefferson",33.553444,-86.896536,6.09055537285545,35.0983119564205,51.666710279932,5.02143198165162,1.09546574305571,1.02752466608467
"JR1946","Jefferson",33.553444,-86.896536,6.09055537285545,35.0983119564205,51.666710279932,5.02143198165162,1.09546574305571,1.02752466608467
"JR18269","Jefferson",33.553444,-86.896536,6.09055537285545,35.0983119564205,51.666710279932,5.02143198165162,1.09546574305571,1.02752466608467
"JR1905","Jefferson",33.553444,-86.896536,6.09055537285545,35.0983119564205,51.666710279932,5.02143198165162,1.09546574305571,1.02752466608467
"JR18271","Jefferson",33.553444,-86.896536,6.09055537285545,35.0983119564205,51.666710279932,5.02143198165162,1.09546574305571,1.02752466608467
"26573","Jefferson",33.553444,-86.896536,6.09055537285545,35.0983119564205,51.666710279932,5.02143198165162,1.09546574305571,1.02752466608467
"24559","Jefferson",33.553444,-86.896536,6.09055537285545,35.0983119564205,51.666710279932,5.02143198165162,1.09546574305571,1.02752466608467
"24591","Jefferson",33.553444,-86.896536,6.09055537285545,35.0983119564205,51.666710279932,5.02143198165162,1.09546574305571,1.02752466608467
"24630","Jefferson",33.553444,-86.896536,6.09055537285545,35.0983119564205,51.666710279932,5.02143198165162,1.09546574305571,1.02752466608467
"25245","Lauderdale",34.904168,-87.651108,42.4722622688451,12.3032387137325,31.3884517176617,2.24693800520831,6.8974159809473,4.69169331360511
"5713652","Lauderdale",34.904168,-87.651108,42.4722622688451,12.3032387137325,31.3884517176617,2.24693800520831,6.8974159809473,4.69169331360511
"5884375","Lauderdale",34.904168,-87.651108,42.4722622688451,12.3032387137325,31.3884517176617,2.24693800520831,6.8974159809473,4.69169331360511
"26237","Lawrence",34.529776,-87.321865,43.1220503977969,7.75959421549307,34.1292887681857,1.28200326748247,3.34051903957101,10.3665443114709
"5884339","Lawrence",34.529776,-87.321865,43.1220503977969,7.75959421549307,34.1292887681857,1.28200326748247,3.34051903957101,10.3665443114709
"25913","Lee",32.604064,-85.353048,12.8231839774894,18.1999117661443,51.8324083134181,9.52736083780425,1.5682675353914,6.04886756975254
"ALCJ1801","Lee",32.604064,-85.353048,12.8231839774894,18.1999117661443,51.8324083134181,9.52736083780425,1.5682675353914,6.04886756975254
"25893","Lee",32.604064,-85.353048,12.8231839774894,18.1999117661443,51.8324083134181,9.52736083780425,1.5682675353914,6.04886756975254
"25153","Lee",32.604064,-85.353048,12.8231839774894,18.1999117661443,51.8324083134181,9.52736083780425,1.5682675353914,6.04886756975254
"25936","Lee",32.604064,-85.353048,12.8231839774894,18.1999117661443,51.8324083134181,9.52736083780425,1.5682675353914,6.04886756975254
"25400","Lee",32.604064,-85.353048,12.8231839774894,18.1999117661443,51.8324083134181,9.52736083780425,1.5682675353914,6.04886756975254
"26203","Lee",32.604064,-85.353048,12.8231839774894,18.1999117661443,51.8324083134181,9.52736083780425,1.5682675353914,6.04886756975254
"25273","Lee",32.604064,-85.353048,12.8231839774894,18.1999117661443,51.8324083134181,9.52736083780425,1.5682675353914,6.04886756975254
"25390","Lee",32.604064,-85.353048,12.8231839774894,18.1999117661443,51.8324083134181,9.52736083780425,1.5682675353914,6.04886756975254
"24348","Macon",32.387027,-85.692887,16.86926114795,5.87216399457353,47.7743990601197,9.40166855495941,0.929764024746601,19.1527432176507
"25834","Madison",34.764238,-86.55108,35.7517928596854,27.7967425665545,26.6718454816363,0.611795602244753,0.914955805104335,8.25286768477475
"5896677","Madison",34.764238,-86.55108,35.7517928596854,27.7967425665545,26.6718454816363,0.611795602244753,0.914955805104335,8.25286768477475
"5311370","Marengo",32.247591,-87.791091,20.1090483937327,4.81422077922184,42.4714148765261,8.98332156051169,1.02452109061288,22.5974732993948
"5710569","Marshall",34.309564,-86.321668,36.2643591975343,13.8716702178193,38.1050852204339,1.57148836147622,8.81467804987649,1.37271895285977
"26510","Marshall",34.309564,-86.321668,36.2643591975343,13.8716702178193,38.1050852204339,1.57148836147622,8.81467804987649,1.37271895285977
"25894","Marshall",34.309564,-86.321668,36.2643591975343,13.8716702178193,38.1050852204339,1.57148836147622,8.81467804987649,1.37271895285977
"25202","Marshall",34.309564,-86.321668,36.2643591975343,13.8716702178193,38.1050852204339,1.57148836147622,8.81467804987649,1.37271895285977
"25643","Marshall",34.309564,-86.321668,36.2643591975343,13.8716702178193,38.1050852204339,1.57148836147622,8.81467804987649,1.37271895285977
"3625","Marshall",34.309564,-86.321668,36.2643591975343,13.8716702178193,38.1050852204339,1.57148836147622,8.81467804987649,1.37271895285977
"25976","Marshall",34.309564,-86.321668,36.2643591975343,13.8716702178193,38.1050852204339,1.57148836147622,8.81467804987649,1.37271895285977
"25319","Marshall",34.309564,-86.321668,36.2643591975343,13.8716702178193,38.1050852204339,1.57148836147622,8.81467804987649,1.37271895285977
"JR18185","Marshall",34.309564,-86.321668,36.2643591975343,13.8716702178193,38.1050852204339,1.57148836147622,8.81467804987649,1.37271895285977
"JR1971","Marshall",34.309564,-86.321668,36.2643591975343,13.8716702178193,38.1050852204339,1.57148836147622,8.81467804987649,1.37271895285977
"JR1989","Marshall",34.309564,-86.321668,36.2643591975343,13.8716702178193,38.1050852204339,1.57148836147622,8.81467804987649,1.37271895285977
"JR1990","Marshall",34.309564,-86.321668,36.2643591975343,13.8716702178193,38.1050852204339,1.57148836147622,8.81467804987649,1.37271895285977
"JR1991","Marshall",34.309564,-86.321668,36.2643591975343,13.8716702178193,38.1050852204339,1.57148836147622,8.81467804987649,1.37271895285977
"JR18260","Marshall",34.309564,-86.321668,36.2643591975343,13.8716702178193,38.1050852204339,1.57148836147622,8.81467804987649,1.37271895285977
"JR1920","Marshall",34.309564,-86.321668,36.2643591975343,13.8716702178193,38.1050852204339,1.57148836147622,8.81467804987649,1.37271895285977
"JR1921","Marshall",34.309564,-86.321668,36.2643591975343,13.8716702178193,38.1050852204339,1.57148836147622,8.81467804987649,1.37271895285977
"JR1919","Marshall",34.309564,-86.321668,36.2643591975343,13.8716702178193,38.1050852204339,1.57148836147622,8.81467804987649,1.37271895285977
"5841697","Mobile",30.684572,-88.196568,8.30780690268283,16.2829737362457,25.1897963948571,5.9229049596697,24.9325221808152,19.3639958257295
"5280430","Mobile",30.684572,-88.196568,8.30780690268283,16.2829737362457,25.1897963948571,5.9229049596697,24.9325221808152,19.3639958257295
"SG1909","Mobile",30.684572,-88.196568,8.30780690268283,16.2829737362457,25.1897963948571,5.9229049596697,24.9325221808152,19.3639958257295
"SG1910","Mobile",30.684572,-88.196568,8.30780690268283,16.2829737362457,25.1897963948571,5.9229049596697,24.9325221808152,19.3639958257295
"SG1925","Mobile",30.684572,-88.196568,8.30780690268283,16.2829737362457,25.1897963948571,5.9229049596697,24.9325221808152,19.3639958257295
"E535","Mobile",30.684572,-88.196568,8.30780690268283,16.2829737362457,25.1897963948571,5.9229049596697,24.9325221808152,19.3639958257295
"E654","Mobile",30.684572,-88.196568,8.30780690268283,16.2829737362457,25.1897963948571,5.9229049596697,24.9325221808152,19.3639958257295
"E409","Mobile",30.684572,-88.196568,8.30780690268283,16.2829737362457,25.1897963948571,5.9229049596697,24.9325221808152,19.3639958257295
"E629","Mobile",30.684572,-88.196568,8.30780690268283,16.2829737362457,25.1897963948571,5.9229049596697,24.9325221808152,19.3639958257295
"E462","Mobile",30.684572,-88.196568,8.30780690268283,16.2829737362457,25.1897963948571,5.9229049596697,24.9325221808152,19.3639958257295
"E395","Mobile",30.684572,-88.196568,8.30780690268283,16.2829737362457,25.1897963948571,5.9229049596697,24.9325221808152,19.3639958257295
"26344","Mobile",30.684572,-88.196568,8.30780690268283,16.2829737362457,25.1897963948571,5.9229049596697,24.9325221808152,19.3639958257295
"5248710","Monroe",31.580353,-87.383342,10.6559106685749,4.6130675766333,52.6037951421718,11.7954841705497,0.808600588562499,19.5231418535079
"25190","Montgomery",32.202881,-86.204461,32.4196034281807,17.462520881472,25.0936499933455,4.40958615480472,2.03289350370512,18.5817460384919
"25171","Montgomery",32.202881,-86.204461,32.4196034281807,17.462520881472,25.0936499933455,4.40958615480472,2.03289350370512,18.5817460384919
"DJ1022","Montgomery",32.202881,-86.204461,32.4196034281807,17.462520881472,25.0936499933455,4.40958615480472,2.03289350370512,18.5817460384919
"DJ1322","Montgomery",32.202881,-86.204461,32.4196034281807,17.462520881472,25.0936499933455,4.40958615480472,2.03289350370512,18.5817460384919
"DJ2022","Montgomery",32.202881,-86.204461,32.4196034281807,17.462520881472,25.0936499933455,4.40958615480472,2.03289350370512,18.5817460384919
"DJ2122","Montgomery",32.202881,-86.204461,32.4196034281807,17.462520881472,25.0936499933455,4.40958615480472,2.03289350370512,18.5817460384919
"DJ3022","Montgomery",32.202881,-86.204461,32.4196034281807,17.462520881472,25.0936499933455,4.40958615480472,2.03289350370512,18.5817460384919
"DJ0122","Montgomery",32.202881,-86.204461,32.4196034281807,17.462520881472,25.0936499933455,4.40958615480472,2.03289350370512,18.5817460384919
"DJ0422","Montgomery",32.202881,-86.204461,32.4196034281807,17.462520881472,25.0936499933455,4.40958615480472,2.03289350370512,18.5817460384919
"DJ0522","Montgomery",32.202881,-86.204461,32.4196034281807,17.462520881472,25.0936499933455,4.40958615480472,2.03289350370512,18.5817460384919
"DJ0622","Montgomery",32.202881,-86.204461,32.4196034281807,17.462520881472,25.0936499933455,4.40958615480472,2.03289350370512,18.5817460384919
"5861324","Morgan",34.454484,-86.846402,37.7771563683974,17.1333916615356,33.5118828352937,2.07171558384815,2.56541224104487,6.94044130988036
"25899","Morgan",34.454484,-86.846402,37.7771563683974,17.1333916615356,33.5118828352937,2.07171558384815,2.56541224104487,6.94044130988036
"E363","Pike",31.798653,-85.941608,23.6884984274874,7.64053543496731,44.4433196251499,10.3583532861243,0.749852724071174,13.1194405021999
"J1218150","Shelby",33.266893,-86.661007,12.131493704083,19.4732908442703,55.4660832130462,7.39553260641067,2.12205662996172,3.41154300222809
"24785","Shelby",33.266893,-86.661007,12.131493704083,19.4732908442703,55.4660832130462,7.39553260641067,2.12205662996172,3.41154300222809
"26412","Shelby",33.266893,-86.661007,12.131493704083,19.4732908442703,55.4660832130462,7.39553260641067,2.12205662996172,3.41154300222809
"24837","Shelby",33.266893,-86.661007,12.131493704083,19.4732908442703,55.4660832130462,7.39553260641067,2.12205662996172,3.41154300222809
"26471","Shelby",33.266893,-86.661007,12.131493704083,19.4732908442703,55.4660832130462,7.39553260641067,2.12205662996172,3.41154300222809
"25130","Shelby",33.266893,-86.661007,12.131493704083,19.4732908442703,55.4660832130462,7.39553260641067,2.12205662996172,3.41154300222809
"26340","Shelby",33.266893,-86.661007,12.131493704083,19.4732908442703,55.4660832130462,7.39553260641067,2.12205662996172,3.41154300222809
"25577","Shelby",33.266893,-86.661007,12.131493704083,19.4732908442703,55.4660832130462,7.39553260641067,2.12205662996172,3.41154300222809
"24599","Shelby",33.266893,-86.661007,12.131493704083,19.4732908442703,55.4660832130462,7.39553260641067,2.12205662996172,3.41154300222809
"5872979","St. Clair",33.719491,-86.311327,17.1934323881888,12.8877942533197,57.4628871893165,6.25422238289158,3.20707047297763,2.99459331330582
"5774536","St. Clair",33.719491,-86.311327,17.1934323881888,12.8877942533197,57.4628871893165,6.25422238289158,3.20707047297763,2.99459331330582
"5813167","St. Clair",33.719491,-86.311327,17.1934323881888,12.8877942533197,57.4628871893165,6.25422238289158,3.20707047297763,2.99459331330582
"5893715","St. Clair",33.719491,-86.311327,17.1934323881888,12.8877942533197,57.4628871893165,6.25422238289158,3.20707047297763,2.99459331330582
"JR1935","St. Clair",33.719491,-86.311327,17.1934323881888,12.8877942533197,57.4628871893165,6.25422238289158,3.20707047297763,2.99459331330582
"JR1977","St. Clair",33.719491,-86.311327,17.1934323881888,12.8877942533197,57.4628871893165,6.25422238289158,3.20707047297763,2.99459331330582
"26044","St. Clair",33.719491,-86.311327,17.1934323881888,12.8877942533197,57.4628871893165,6.25422238289158,3.20707047297763,2.99459331330582
"25920","St. Clair",33.719491,-86.311327,17.1934323881888,12.8877942533197,57.4628871893165,6.25422238289158,3.20707047297763,2.99459331330582
"5-297","St. Clair",33.719491,-86.311327,17.1934323881888,12.8877942533197,57.4628871893165,6.25422238289158,3.20707047297763,2.99459331330582
"26353","St. Clair",33.719491,-86.311327,17.1934323881888,12.8877942533197,57.4628871893165,6.25422238289158,3.20707047297763,2.99459331330582
"26500","St. Clair",33.719491,-86.311327,17.1934323881888,12.8877942533197,57.4628871893165,6.25422238289158,3.20707047297763,2.99459331330582
"26578","St. Clair",33.719491,-86.311327,17.1934323881888,12.8877942533197,57.4628871893165,6.25422238289158,3.20707047297763,2.99459331330582
"26579","St. Clair",33.719491,-86.311327,17.1934323881888,12.8877942533197,57.4628871893165,6.25422238289158,3.20707047297763,2.99459331330582
"E328","St. Clair",33.719491,-86.311327,17.1934323881888,12.8877942533197,57.4628871893165,6.25422238289158,3.20707047297763,2.99459331330582
"5745484","Talladega",33.369314,-86.17593,20.9768138599008,12.1721588269358,54.4675272938222,7.17752175697353,2.49143962681612,2.71453863555157
"5764163","Talladega",33.369314,-86.17593,20.9768138599008,12.1721588269358,54.4675272938222,7.17752175697353,2.49143962681612,2.71453863555157
"5896682","Talladega",33.369314,-86.17593,20.9768138599008,12.1721588269358,54.4675272938222,7.17752175697353,2.49143962681612,2.71453863555157
"25499","Talladega",33.369314,-86.17593,20.9768138599008,12.1721588269358,54.4675272938222,7.17752175697353,2.49143962681612,2.71453863555157
"25134","Talladega",33.369314,-86.17593,20.9768138599008,12.1721588269358,54.4675272938222,7.17752175697353,2.49143962681612,2.71453863555157
"26497","Talladega",33.369314,-86.17593,20.9768138599008,12.1721588269358,54.4675272938222,7.17752175697353,2.49143962681612,2.71453863555157
"26019","Talladega",33.369314,-86.17593,20.9768138599008,12.1721588269358,54.4675272938222,7.17752175697353,2.49143962681612,2.71453863555157
"26463","Talladega",33.369314,-86.17593,20.9768138599008,12.1721588269358,54.4675272938222,7.17752175697353,2.49143962681612,2.71453863555157
"26537","Talladega",33.369314,-86.17593,20.9768138599008,12.1721588269358,54.4675272938222,7.17752175697353,2.49143962681612,2.71453863555157
"25079","Talladega",33.369314,-86.17593,20.9768138599008,12.1721588269358,54.4675272938222,7.17752175697353,2.49143962681612,2.71453863555157
"25752","Talladega",33.369314,-86.17593,20.9768138599008,12.1721588269358,54.4675272938222,7.17752175697353,2.49143962681612,2.71453863555157
"JM2303","Tuscaloosa",33.29022,-87.522783,8.46419729260134,13.9075057731963,55.3083020530836,8.32087111445131,1.99112317333104,12.0080005933364
"JM2301","Tuscaloosa",33.29022,-87.522783,8.46419729260134,13.9075057731963,55.3083020530836,8.32087111445131,1.99112317333104,12.0080005933364
"LV0003","Tuscaloosa",33.29022,-87.522783,8.46419729260134,13.9075057731963,55.3083020530836,8.32087111445131,1.99112317333104,12.0080005933364
"LV005","Tuscaloosa",33.29022,-87.522783,8.46419729260134,13.9075057731963,55.3083020530836,8.32087111445131,1.99112317333104,12.0080005933364
"LV1901","Tuscaloosa",33.29022,-87.522783,8.46419729260134,13.9075057731963,55.3083020530836,8.32087111445131,1.99112317333104,12.0080005933364
"JW2009","Tuscaloosa",33.29022,-87.522783,8.46419729260134,13.9075057731963,55.3083020530836,8.32087111445131,1.99112317333104,12.0080005933364
"JW2101","Tuscaloosa",33.29022,-87.522783,8.46419729260134,13.9075057731963,55.3083020530836,8.32087111445131,1.99112317333104,12.0080005933364
"26140","Tuscaloosa",33.29022,-87.522783,8.46419729260134,13.9075057731963,55.3083020530836,8.32087111445131,1.99112317333104,12.0080005933364
"24831","Tuscaloosa",33.29022,-87.522783,8.46419729260134,13.9075057731963,55.3083020530836,8.32087111445131,1.99112317333104,12.0080005933364
"JW011","Tuscaloosa",33.29022,-87.522783,8.46419729260134,13.9075057731963,55.3083020530836,8.32087111445131,1.99112317333104,12.0080005933364
