"sampleID","county","lat","lon","agriculture","dev_high","dev_low","dev_med","dev_open","forest_decid","forest_ever","forest_mix","other","water","wet_emerg","wet_woody","forest","developed","wetland"
"DJ4722","Autauga",32.532237,-86.64644,20.1835794616887,0.127337179294891,2.29110595975893,0.58254156073929,6.11946510214476,10.2703090747088,19.5960738890831,15.1587595288998,13.051054555696,1.35107769856355,0.462646787103867,10.8060492023183,45.0251424926917,9.12044980193787,11.2686959894222
"DJ1922","Autauga",32.532237,-86.64644,20.1835794616887,0.127337179294891,2.29110595975893,0.58254156073929,6.11946510214476,10.2703090747088,19.5960738890831,15.1587595288998,13.051054555696,1.35107769856355,0.462646787103867,10.8060492023183,45.0251424926917,9.12044980193787,11.2686959894222
"DJ4622","Autauga",32.532237,-86.64644,20.1835794616887,0.127337179294891,2.29110595975893,0.58254156073929,6.11946510214476,10.2703090747088,19.5960738890831,15.1587595288998,13.051054555696,1.35107769856355,0.462646787103867,10.8060492023183,45.0251424926917,9.12044980193787,11.2686959894222
"DJ2005","Autauga",32.532237,-86.64644,20.1835794616887,0.127337179294891,2.29110595975893,0.58254156073929,6.11946510214476,10.2703090747088,19.5960738890831,15.1587595288998,13.051054555696,1.35107769856355,0.462646787103867,10.8060492023183,45.0251424926917,9.12044980193787,11.2686959894222
"DJ0720","Autauga",32.532237,-86.64644,20.1835794616887,0.127337179294891,2.29110595975893,0.58254156073929,6.11946510214476,10.2703090747088,19.5960738890831,15.1587595288998,13.051054555696,1.35107769856355,0.462646787103867,10.8060492023183,45.0251424926917,9.12044980193787,11.2686959894222
"26564","Autauga",32.532237,-86.64644,20.1835794616887,0.127337179294891,2.29110595975893,0.58254156073929,6.11946510214476,10.2703090747088,19.5960738890831,15.1587595288998,13.051054555696,1.35107769856355,0.462646787103867,10.8060492023183,45.0251424926917,9.12044980193787,11.2686959894222
"E095","Autauga",32.532237,-86.64644,20.1835794616887,0.127337179294891,2.29110595975893,0.58254156073929,6.11946510214476,10.2703090747088,19.5960738890831,15.1587595288998,13.051054555696,1.35107769856355,0.462646787103867,10.8060492023183,45.0251424926917,9.12044980193787,11.2686959894222
"E306","Baldwin",30.659218,-87.746067,12.237676965978,0.21317038124534,3.05314568637039,1.16785246382162,5.40191454122926,0.00136321723193678,26.0167452971451,0.153724345312149,6.78590957948735,21.1807671398395,1.4869461109072,22.3007842714322,26.1718328596891,9.8360830726666,23.7877303823394
"E093","Baldwin",30.659218,-87.746067,12.237676965978,0.21317038124534,3.05314568637039,1.16785246382162,5.40191454122926,0.00136321723193678,26.0167452971451,0.153724345312149,6.78590957948735,21.1807671398395,1.4869461109072,22.3007842714322,26.1718328596891,9.8360830726666,23.7877303823394
"E333","Baldwin",30.659218,-87.746067,12.237676965978,0.21317038124534,3.05314568637039,1.16785246382162,5.40191454122926,0.00136321723193678,26.0167452971451,0.153724345312149,6.78590957948735,21.1807671398395,1.4869461109072,22.3007842714322,26.1718328596891,9.8360830726666,23.7877303823394
"5-592","Baldwin",30.659218,-87.746067,12.237676965978,0.21317038124534,3.05314568637039,1.16785246382162,5.40191454122926,0.00136321723193678,26.0167452971451,0.153724345312149,6.78590957948735,21.1807671398395,1.4869461109072,22.3007842714322,26.1718328596891,9.8360830726666,23.7877303823394
"5-189","Barbour",31.870253,-85.405103,16.4811955812025,0.0795044957371158,1.17968823008215,0.2954022450226,4.12713232003559,5.04984098961025,30.5810620097355,14.950071506693,15.2245148087481,2.17891735270068,0.143879252028189,9.70879120840428,50.5809745060388,5.68172729087746,9.85267046043247
"5864512","Blount",33.977358,-86.56644,33.4480258830026,0.0941593967488249,2.2847702244515,0.561310427025583,7.59172209047696,34.1173091763565,8.76226900632459,8.11049876365554,3.17853931584539,1.01501303418375,0.0358174564536487,0.800565225475176,50.9900769463366,10.5319621387029,0.836382681928824
"5727354","Blount",33.977358,-86.56644,33.4480258830026,0.0941593967488249,2.2847702244515,0.561310427025583,7.59172209047696,34.1173091763565,8.76226900632459,8.11049876365554,3.17853931584539,1.01501303418375,0.0358174564536487,0.800565225475176,50.9900769463366,10.5319621387029,0.836382681928824
"26375","Blount",33.977358,-86.56644,33.4480258830026,0.0941593967488249,2.2847702244515,0.561310427025583,7.59172209047696,34.1173091763565,8.76226900632459,8.11049876365554,3.17853931584539,1.01501303418375,0.0358174564536487,0.800565225475176,50.9900769463366,10.5319621387029,0.836382681928824
"26031","Blount",33.977358,-86.56644,33.4480258830026,0.0941593967488249,2.2847702244515,0.561310427025583,7.59172209047696,34.1173091763565,8.76226900632459,8.11049876365554,3.17853931584539,1.01501303418375,0.0358174564536487,0.800565225475176,50.9900769463366,10.5319621387029,0.836382681928824
"5848332","Calhoun",33.770516,-85.827909,18.5887879250309,0.605932605736558,6.0071275478514,1.81834992798135,9.34229928481766,33.1672676698709,14.2618888429257,8.68734110143406,5.3735036364989,0.808815301489708,0.0328858645614089,1.30580029180142,56.1164976142307,17.773709366387,1.33868615636283
"5847060","Calhoun",33.770516,-85.827909,18.5887879250309,0.605932605736558,6.0071275478514,1.81834992798135,9.34229928481766,33.1672676698709,14.2618888429257,8.68734110143406,5.3735036364989,0.808815301489708,0.0328858645614089,1.30580029180142,56.1164976142307,17.773709366387,1.33868615636283
"5848211","Calhoun",33.770516,-85.827909,18.5887879250309,0.605932605736558,6.0071275478514,1.81834992798135,9.34229928481766,33.1672676698709,14.2618888429257,8.68734110143406,5.3735036364989,0.808815301489708,0.0328858645614089,1.30580029180142,56.1164976142307,17.773709366387,1.33868615636283
"5899486","Calhoun",33.770516,-85.827909,18.5887879250309,0.605932605736558,6.0071275478514,1.81834992798135,9.34229928481766,33.1672676698709,14.2618888429257,8.68734110143406,5.3735036364989,0.808815301489708,0.0328858645614089,1.30580029180142,56.1164976142307,17.773709366387,1.33868615636283
"5906101","Calhoun",33.770516,-85.827909,18.5887879250309,0.605932605736558,6.0071275478514,1.81834992798135,9.34229928481766,33.1672676698709,14.2618888429257,8.68734110143406,5.3735036364989,0.808815301489708,0.0328858645614089,1.30580029180142,56.1164976142307,17.773709366387,1.33868615636283
"25115","Calhoun",33.770516,-85.827909,18.5887879250309,0.605932605736558,6.0071275478514,1.81834992798135,9.34229928481766,33.1672676698709,14.2618888429257,8.68734110143406,5.3735036364989,0.808815301489708,0.0328858645614089,1.30580029180142,56.1164976142307,17.773709366387,1.33868615636283
"24977","Calhoun",33.770516,-85.827909,18.5887879250309,0.605932605736558,6.0071275478514,1.81834992798135,9.34229928481766,33.1672676698709,14.2618888429257,8.68734110143406,5.3735036364989,0.808815301489708,0.0328858645614089,1.30580029180142,56.1164976142307,17.773709366387,1.33868615636283
"24593","Cherokee",34.069515,-85.654242,25.9315555458275,0.0846759188201866,2.4970549301643,0.435979779723577,4.9390305319341,24.3235380482991,18.9002874269661,6.51480694087367,6.94315063297222,7.55424170132822,0.114397695508513,1.76128084758254,49.7386324161388,7.95674116064217,1.87567854309105
"JR1936","Cherokee",34.069515,-85.654242,25.9315555458275,0.0846759188201866,2.4970549301643,0.435979779723577,4.9390305319341,24.3235380482991,18.9002874269661,6.51480694087367,6.94315063297222,7.55424170132822,0.114397695508513,1.76128084758254,49.7386324161388,7.95674116064217,1.87567854309105
"5-039","Cherokee",34.069515,-85.654242,25.9315555458275,0.0846759188201866,2.4970549301643,0.435979779723577,4.9390305319341,24.3235380482991,18.9002874269661,6.51480694087367,6.94315063297222,7.55424170132822,0.114397695508513,1.76128084758254,49.7386324161388,7.95674116064217,1.87567854309105
"25968","Cherokee",34.069515,-85.654242,25.9315555458275,0.0846759188201866,2.4970549301643,0.435979779723577,4.9390305319341,24.3235380482991,18.9002874269661,6.51480694087367,6.94315063297222,7.55424170132822,0.114397695508513,1.76128084758254,49.7386324161388,7.95674116064217,1.87567854309105
"26494","Cherokee",34.069515,-85.654242,25.9315555458275,0.0846759188201866,2.4970549301643,0.435979779723577,4.9390305319341,24.3235380482991,18.9002874269661,6.51480694087367,6.94315063297222,7.55424170132822,0.114397695508513,1.76128084758254,49.7386324161388,7.95674116064217,1.87567854309105
"24788","Cherokee",34.069515,-85.654242,25.9315555458275,0.0846759188201866,2.4970549301643,0.435979779723577,4.9390305319341,24.3235380482991,18.9002874269661,6.51480694087367,6.94315063297222,7.55424170132822,0.114397695508513,1.76128084758254,49.7386324161388,7.95674116064217,1.87567854309105
"26062","Cherokee",34.069515,-85.654242,25.9315555458275,0.0846759188201866,2.4970549301643,0.435979779723577,4.9390305319341,24.3235380482991,18.9002874269661,6.51480694087367,6.94315063297222,7.55424170132822,0.114397695508513,1.76128084758254,49.7386324161388,7.95674116064217,1.87567854309105
"25445","Chilton",32.854051,-86.726607,17.820275559241,0.0903512634420921,2.24923807297108,0.448699988459939,6.97294272835802,16.8430776698649,21.0222021744809,13.5410255608023,11.9880369788834,1.14844570605336,0.264172754629711,7.61153154281321,51.4063054051482,9.76123205323113,7.87570429744292
"25592","Chilton",32.854051,-86.726607,17.820275559241,0.0903512634420921,2.24923807297108,0.448699988459939,6.97294272835802,16.8430776698649,21.0222021744809,13.5410255608023,11.9880369788834,1.14844570605336,0.264172754629711,7.61153154281321,51.4063054051482,9.76123205323113,7.87570429744292
"26548","Clay",33.2704,-85.863525,12.4583008460205,0.0493714423859711,0.848634390708242,0.205776234930961,4.54826351355527,39.132024443544,22.4012817362508,7.35911533141076,11.37832282037,0.283424278816364,0.0293129275583755,1.30617203444872,68.8924215112056,5.65204558158044,1.3354849620071
"24419","Cleburne",33.671964,-85.516126,10.2197410309074,0.0461627636188385,0.983402529362226,0.30946652044304,4.47129009263808,39.2050584317207,25.3782944104905,8.77590812639962,9.93832637113213,0.315200865793833,0.013986372311452,0.343162485182162,73.3592609686109,5.81032190606219,0.357148857493614
"E941","Coffee",31.402258,-85.989602,28.5545828861066,0.140835841910861,2.18166094595072,0.633157495166048,6.92633483782229,0.459515106545625,26.9350372046994,12.3150753680638,9.06128641336894,0.741294417857125,0.158680586474482,11.8925388960341,39.7096276793089,9.88198912084991,12.0512194825086
"E675","Coffee",31.402258,-85.989602,28.5545828861066,0.140835841910861,2.18166094595072,0.633157495166048,6.92633483782229,0.459515106545625,26.9350372046994,12.3150753680638,9.06128641336894,0.741294417857125,0.158680586474482,11.8925388960341,39.7096276793089,9.88198912084991,12.0512194825086
"E706","Coffee",31.402258,-85.989602,28.5545828861066,0.140835841910861,2.18166094595072,0.633157495166048,6.92633483782229,0.459515106545625,26.9350372046994,12.3150753680638,9.06128641336894,0.741294417857125,0.158680586474482,11.8925388960341,39.7096276793089,9.88198912084991,12.0512194825086
"25515","Coffee",31.402258,-85.989602,28.5545828861066,0.140835841910861,2.18166094595072,0.633157495166048,6.92633483782229,0.459515106545625,26.9350372046994,12.3150753680638,9.06128641336894,0.741294417857125,0.158680586474482,11.8925388960341,39.7096276793089,9.88198912084991,12.0512194825086
"E919","Coffee",31.402258,-85.989602,28.5545828861066,0.140835841910861,2.18166094595072,0.633157495166048,6.92633483782229,0.459515106545625,26.9350372046994,12.3150753680638,9.06128641336894,0.741294417857125,0.158680586474482,11.8925388960341,39.7096276793089,9.88198912084991,12.0512194825086
"5758766","Colbert",34.703112,-87.801457,29.8880090754175,0.4404914912424,3.50566430769763,1.20935617361165,5.82310581051881,32.2031097916812,8.65797285871035,4.05167139374717,5.3006832794503,4.58718727240374,0.169310491674364,4.16343805384482,44.9127540441387,10.9786177830705,4.33274854551919
"26396","Cullman",34.131923,-86.869267,38.7186674049317,0.305231736287581,3.18080524663465,1.18050426993125,9.10177054984545,26.379479111059,7.49357388806837,7.04248669091635,3.20597685553992,2.21771535559295,0.040396192194906,1.13339269899789,40.9155396900437,13.7683118026989,1.1737888911928
"3525","Cullman",34.131923,-86.869267,38.7186674049317,0.305231736287581,3.18080524663465,1.18050426993125,9.10177054984545,26.379479111059,7.49357388806837,7.04248669091635,3.20597685553992,2.21771535559295,0.040396192194906,1.13339269899789,40.9155396900437,13.7683118026989,1.1737888911928
"5829191","Cullman",34.131923,-86.869267,38.7186674049317,0.305231736287581,3.18080524663465,1.18050426993125,9.10177054984545,26.379479111059,7.49357388806837,7.04248669091635,3.20597685553992,2.21771535559295,0.040396192194906,1.13339269899789,40.9155396900437,13.7683118026989,1.1737888911928
"E611","Dale",31.430654,-85.609476,23.1060352762385,0.258206138005822,2.97061785892821,0.931791062387245,7.5682454665954,0.755788252261713,27.0856270624034,13.9227953578574,7.1135365932062,0.62658298623846,0.173938219269176,15.4868357266086,41.7642106725224,11.7288605259167,15.6607739458777
"E474","Dale",31.430654,-85.609476,23.1060352762385,0.258206138005822,2.97061785892821,0.931791062387245,7.5682454665954,0.755788252261713,27.0856270624034,13.9227953578574,7.1135365932062,0.62658298623846,0.173938219269176,15.4868357266086,41.7642106725224,11.7288605259167,15.6607739458777
"E931","Dale",31.430654,-85.609476,23.1060352762385,0.258206138005822,2.97061785892821,0.931791062387245,7.5682454665954,0.755788252261713,27.0856270624034,13.9227953578574,7.1135365932062,0.62658298623846,0.173938219269176,15.4868357266086,41.7642106725224,11.7288605259167,15.6607739458777
"E1221","Dallas",32.333526,-87.11436,24.7882066865081,0.139800528824293,1.23885099904676,0.440518011532394,4.38581621449897,5.29365292412817,20.5580689137849,9.77319794914179,5.82806796955063,2.17510326037462,0.782262168075718,24.5964543745336,35.6249197870549,6.20498575390242,25.3787165426093
"5861322","DeKalb",34.460915,-85.804021,42.9669804449368,0.217130227605629,2.51652154063843,0.90000043905451,7.48451464920573,31.7123273758802,5.44609719883456,5.21004492747421,2.92642427085317,0.422444303302731,0.0252721663064519,0.172242455907596,42.3684695021889,11.1181668565043,0.197514622214048
"BL2009","DeKalb",34.460915,-85.804021,42.9669804449368,0.217130227605629,2.51652154063843,0.90000043905451,7.48451464920573,31.7123273758802,5.44609719883456,5.21004492747421,2.92642427085317,0.422444303302731,0.0252721663064519,0.172242455907596,42.3684695021889,11.1181668565043,0.197514622214048
"BL2012","DeKalb",34.460915,-85.804021,42.9669804449368,0.217130227605629,2.51652154063843,0.90000043905451,7.48451464920573,31.7123273758802,5.44609719883456,5.21004492747421,2.92642427085317,0.422444303302731,0.0252721663064519,0.172242455907596,42.3684695021889,11.1181668565043,0.197514622214048
"BL206","DeKalb",34.460915,-85.804021,42.9669804449368,0.217130227605629,2.51652154063843,0.90000043905451,7.48451464920573,31.7123273758802,5.44609719883456,5.21004492747421,2.92642427085317,0.422444303302731,0.0252721663064519,0.172242455907596,42.3684695021889,11.1181668565043,0.197514622214048
"BL1904","DeKalb",34.460915,-85.804021,42.9669804449368,0.217130227605629,2.51652154063843,0.90000043905451,7.48451464920573,31.7123273758802,5.44609719883456,5.21004492747421,2.92642427085317,0.422444303302731,0.0252721663064519,0.172242455907596,42.3684695021889,11.1181668565043,0.197514622214048
"25666","DeKalb",34.460915,-85.804021,42.9669804449368,0.217130227605629,2.51652154063843,0.90000043905451,7.48451464920573,31.7123273758802,5.44609719883456,5.21004492747421,2.92642427085317,0.422444303302731,0.0252721663064519,0.172242455907596,42.3684695021889,11.1181668565043,0.197514622214048
"25989","DeKalb",34.460915,-85.804021,42.9669804449368,0.217130227605629,2.51652154063843,0.90000043905451,7.48451464920573,31.7123273758802,5.44609719883456,5.21004492747421,2.92642427085317,0.422444303302731,0.0252721663064519,0.172242455907596,42.3684695021889,11.1181668565043,0.197514622214048
"24605","DeKalb",34.460915,-85.804021,42.9669804449368,0.217130227605629,2.51652154063843,0.90000043905451,7.48451464920573,31.7123273758802,5.44609719883456,5.21004492747421,2.92642427085317,0.422444303302731,0.0252721663064519,0.172242455907596,42.3684695021889,11.1181668565043,0.197514622214048
"DJ0521","Elmore",32.597229,-86.142735,21.0195540769476,0.145874095674936,3.54237985947442,0.801461721367248,7.01198289504523,18.8216427419425,17.6946701672678,12.4875115137153,6.09510202836131,5.44470226880071,0.163991861985578,6.77112676941745,49.0038244229255,11.5016985715618,6.93511863140303
"25636","Elmore",32.597229,-86.142735,21.0195540769476,0.145874095674936,3.54237985947442,0.801461721367248,7.01198289504523,18.8216427419425,17.6946701672678,12.4875115137153,6.09510202836131,5.44470226880071,0.163991861985578,6.77112676941745,49.0038244229255,11.5016985715618,6.93511863140303
"26114","Elmore",32.597229,-86.142735,21.0195540769476,0.145874095674936,3.54237985947442,0.801461721367248,7.01198289504523,18.8216427419425,17.6946701672678,12.4875115137153,6.09510202836131,5.44470226880071,0.163991861985578,6.77112676941745,49.0038244229255,11.5016985715618,6.93511863140303
"24646","Elmore",32.597229,-86.142735,21.0195540769476,0.145874095674936,3.54237985947442,0.801461721367248,7.01198289504523,18.8216427419425,17.6946701672678,12.4875115137153,6.09510202836131,5.44470226880071,0.163991861985578,6.77112676941745,49.0038244229255,11.5016985715618,6.93511863140303
"5854681","Etowah",34.047641,-86.034263,26.2554255917645,0.61615089032052,5.81045866335629,1.76596487966312,9.53389194951272,30.6246424717232,8.8164252246246,7.55077738964874,4.21746062456897,2.55357281525867,0.124171522820341,2.13105797673829,46.9918450859966,17.7264663828527,2.25522949955863
"5767737","Etowah",34.047641,-86.034263,26.2554255917645,0.61615089032052,5.81045866335629,1.76596487966312,9.53389194951272,30.6246424717232,8.8164252246246,7.55077738964874,4.21746062456897,2.55357281525867,0.124171522820341,2.13105797673829,46.9918450859966,17.7264663828527,2.25522949955863
"5786437","Etowah",34.047641,-86.034263,26.2554255917645,0.61615089032052,5.81045866335629,1.76596487966312,9.53389194951272,30.6246424717232,8.8164252246246,7.55077738964874,4.21746062456897,2.55357281525867,0.124171522820341,2.13105797673829,46.9918450859966,17.7264663828527,2.25522949955863
"5406022","Etowah",34.047641,-86.034263,26.2554255917645,0.61615089032052,5.81045866335629,1.76596487966312,9.53389194951272,30.6246424717232,8.8164252246246,7.55077738964874,4.21746062456897,2.55357281525867,0.124171522820341,2.13105797673829,46.9918450859966,17.7264663828527,2.25522949955863
"5774538","Etowah",34.047641,-86.034263,26.2554255917645,0.61615089032052,5.81045866335629,1.76596487966312,9.53389194951272,30.6246424717232,8.8164252246246,7.55077738964874,4.21746062456897,2.55357281525867,0.124171522820341,2.13105797673829,46.9918450859966,17.7264663828527,2.25522949955863
"26407","Etowah",34.047641,-86.034263,26.2554255917645,0.61615089032052,5.81045866335629,1.76596487966312,9.53389194951272,30.6246424717232,8.8164252246246,7.55077738964874,4.21746062456897,2.55357281525867,0.124171522820341,2.13105797673829,46.9918450859966,17.7264663828527,2.25522949955863
"5774538-B","Etowah",34.047641,-86.034263,26.2554255917645,0.61615089032052,5.81045866335629,1.76596487966312,9.53389194951272,30.6246424717232,8.8164252246246,7.55077738964874,4.21746062456897,2.55357281525867,0.124171522820341,2.13105797673829,46.9918450859966,17.7264663828527,2.25522949955863
"JR18153","Etowah",34.047641,-86.034263,26.2554255917645,0.61615089032052,5.81045866335629,1.76596487966312,9.53389194951272,30.6246424717232,8.8164252246246,7.55077738964874,4.21746062456897,2.55357281525867,0.124171522820341,2.13105797673829,46.9918450859966,17.7264663828527,2.25522949955863
"JR18154","Etowah",34.047641,-86.034263,26.2554255917645,0.61615089032052,5.81045866335629,1.76596487966312,9.53389194951272,30.6246424717232,8.8164252246246,7.55077738964874,4.21746062456897,2.55357281525867,0.124171522820341,2.13105797673829,46.9918450859966,17.7264663828527,2.25522949955863
"JR18166","Etowah",34.047641,-86.034263,26.2554255917645,0.61615089032052,5.81045866335629,1.76596487966312,9.53389194951272,30.6246424717232,8.8164252246246,7.55077738964874,4.21746062456897,2.55357281525867,0.124171522820341,2.13105797673829,46.9918450859966,17.7264663828527,2.25522949955863
"JR18169","Etowah",34.047641,-86.034263,26.2554255917645,0.61615089032052,5.81045866335629,1.76596487966312,9.53389194951272,30.6246424717232,8.8164252246246,7.55077738964874,4.21746062456897,2.55357281525867,0.124171522820341,2.13105797673829,46.9918450859966,17.7264663828527,2.25522949955863
"JR18178","Etowah",34.047641,-86.034263,26.2554255917645,0.61615089032052,5.81045866335629,1.76596487966312,9.53389194951272,30.6246424717232,8.8164252246246,7.55077738964874,4.21746062456897,2.55357281525867,0.124171522820341,2.13105797673829,46.9918450859966,17.7264663828527,2.25522949955863
"JR18176","Etowah",34.047641,-86.034263,26.2554255917645,0.61615089032052,5.81045866335629,1.76596487966312,9.53389194951272,30.6246424717232,8.8164252246246,7.55077738964874,4.21746062456897,2.55357281525867,0.124171522820341,2.13105797673829,46.9918450859966,17.7264663828527,2.25522949955863
"JR18179","Etowah",34.047641,-86.034263,26.2554255917645,0.61615089032052,5.81045866335629,1.76596487966312,9.53389194951272,30.6246424717232,8.8164252246246,7.55077738964874,4.21746062456897,2.55357281525867,0.124171522820341,2.13105797673829,46.9918450859966,17.7264663828527,2.25522949955863
"JR18215","Etowah",34.047641,-86.034263,26.2554255917645,0.61615089032052,5.81045866335629,1.76596487966312,9.53389194951272,30.6246424717232,8.8164252246246,7.55077738964874,4.21746062456897,2.55357281525867,0.124171522820341,2.13105797673829,46.9918450859966,17.7264663828527,2.25522949955863
"JR18216","Etowah",34.047641,-86.034263,26.2554255917645,0.61615089032052,5.81045866335629,1.76596487966312,9.53389194951272,30.6246424717232,8.8164252246246,7.55077738964874,4.21746062456897,2.55357281525867,0.124171522820341,2.13105797673829,46.9918450859966,17.7264663828527,2.25522949955863
"JR18219","Etowah",34.047641,-86.034263,26.2554255917645,0.61615089032052,5.81045866335629,1.76596487966312,9.53389194951272,30.6246424717232,8.8164252246246,7.55077738964874,4.21746062456897,2.55357281525867,0.124171522820341,2.13105797673829,46.9918450859966,17.7264663828527,2.25522949955863
"JR18220","Etowah",34.047641,-86.034263,26.2554255917645,0.61615089032052,5.81045866335629,1.76596487966312,9.53389194951272,30.6246424717232,8.8164252246246,7.55077738964874,4.21746062456897,2.55357281525867,0.124171522820341,2.13105797673829,46.9918450859966,17.7264663828527,2.25522949955863
"JR18232","Etowah",34.047641,-86.034263,26.2554255917645,0.61615089032052,5.81045866335629,1.76596487966312,9.53389194951272,30.6246424717232,8.8164252246246,7.55077738964874,4.21746062456897,2.55357281525867,0.124171522820341,2.13105797673829,46.9918450859966,17.7264663828527,2.25522949955863
"JR1950","Etowah",34.047641,-86.034263,26.2554255917645,0.61615089032052,5.81045866335629,1.76596487966312,9.53389194951272,30.6246424717232,8.8164252246246,7.55077738964874,4.21746062456897,2.55357281525867,0.124171522820341,2.13105797673829,46.9918450859966,17.7264663828527,2.25522949955863
"JR1951","Etowah",34.047641,-86.034263,26.2554255917645,0.61615089032052,5.81045866335629,1.76596487966312,9.53389194951272,30.6246424717232,8.8164252246246,7.55077738964874,4.21746062456897,2.55357281525867,0.124171522820341,2.13105797673829,46.9918450859966,17.7264663828527,2.25522949955863
"JR1953","Etowah",34.047641,-86.034263,26.2554255917645,0.61615089032052,5.81045866335629,1.76596487966312,9.53389194951272,30.6246424717232,8.8164252246246,7.55077738964874,4.21746062456897,2.55357281525867,0.124171522820341,2.13105797673829,46.9918450859966,17.7264663828527,2.25522949955863
"JR1956","Etowah",34.047641,-86.034263,26.2554255917645,0.61615089032052,5.81045866335629,1.76596487966312,9.53389194951272,30.6246424717232,8.8164252246246,7.55077738964874,4.21746062456897,2.55357281525867,0.124171522820341,2.13105797673829,46.9918450859966,17.7264663828527,2.25522949955863
"JR1978","Etowah",34.047641,-86.034263,26.2554255917645,0.61615089032052,5.81045866335629,1.76596487966312,9.53389194951272,30.6246424717232,8.8164252246246,7.55077738964874,4.21746062456897,2.55357281525867,0.124171522820341,2.13105797673829,46.9918450859966,17.7264663828527,2.25522949955863
"JR1948","Etowah",34.047641,-86.034263,26.2554255917645,0.61615089032052,5.81045866335629,1.76596487966312,9.53389194951272,30.6246424717232,8.8164252246246,7.55077738964874,4.21746062456897,2.55357281525867,0.124171522820341,2.13105797673829,46.9918450859966,17.7264663828527,2.25522949955863
"JR18259","Etowah",34.047641,-86.034263,26.2554255917645,0.61615089032052,5.81045866335629,1.76596487966312,9.53389194951272,30.6246424717232,8.8164252246246,7.55077738964874,4.21746062456897,2.55357281525867,0.124171522820341,2.13105797673829,46.9918450859966,17.7264663828527,2.25522949955863
"JR1949","Etowah",34.047641,-86.034263,26.2554255917645,0.61615089032052,5.81045866335629,1.76596487966312,9.53389194951272,30.6246424717232,8.8164252246246,7.55077738964874,4.21746062456897,2.55357281525867,0.124171522820341,2.13105797673829,46.9918450859966,17.7264663828527,2.25522949955863
"26170","Etowah",34.047641,-86.034263,26.2554255917645,0.61615089032052,5.81045866335629,1.76596487966312,9.53389194951272,30.6246424717232,8.8164252246246,7.55077738964874,4.21746062456897,2.55357281525867,0.124171522820341,2.13105797673829,46.9918450859966,17.7264663828527,2.25522949955863
"25786","Etowah",34.047641,-86.034263,26.2554255917645,0.61615089032052,5.81045866335629,1.76596487966312,9.53389194951272,30.6246424717232,8.8164252246246,7.55077738964874,4.21746062456897,2.55357281525867,0.124171522820341,2.13105797673829,46.9918450859966,17.7264663828527,2.25522949955863
"26575","Etowah",34.047641,-86.034263,26.2554255917645,0.61615089032052,5.81045866335629,1.76596487966312,9.53389194951272,30.6246424717232,8.8164252246246,7.55077738964874,4.21746062456897,2.55357281525867,0.124171522820341,2.13105797673829,46.9918450859966,17.7264663828527,2.25522949955863
"JM2201","Fayette",33.716157,-87.764292,10.4115937790867,0.0468015460624608,0.996016276623333,0.181178116676301,5.54318450713569,21.4938349447941,25.7978229333378,12.331338149614,11.8858550083539,0.249464085868897,0.276113522939666,10.7867971295071,59.6229960277459,6.76718044649778,11.0629106524468
"AT23002","Fayette",33.716157,-87.764292,10.4115937790867,0.0468015460624608,0.996016276623333,0.181178116676301,5.54318450713569,21.4938349447941,25.7978229333378,12.331338149614,11.8858550083539,0.249464085868897,0.276113522939666,10.7867971295071,59.6229960277459,6.76718044649778,11.0629106524468
"AT23018","Fayette",33.716157,-87.764292,10.4115937790867,0.0468015460624608,0.996016276623333,0.181178116676301,5.54318450713569,21.4938349447941,25.7978229333378,12.331338149614,11.8858550083539,0.249464085868897,0.276113522939666,10.7867971295071,59.6229960277459,6.76718044649778,11.0629106524468
"AT231024","Fayette",33.716157,-87.764292,10.4115937790867,0.0468015460624608,0.996016276623333,0.181178116676301,5.54318450713569,21.4938349447941,25.7978229333378,12.331338149614,11.8858550083539,0.249464085868897,0.276113522939666,10.7867971295071,59.6229960277459,6.76718044649778,11.0629106524468
"AT2331","Fayette",33.716157,-87.764292,10.4115937790867,0.0468015460624608,0.996016276623333,0.181178116676301,5.54318450713569,21.4938349447941,25.7978229333378,12.331338149614,11.8858550083539,0.249464085868897,0.276113522939666,10.7867971295071,59.6229960277459,6.76718044649778,11.0629106524468
"JM2317","Fayette",33.716157,-87.764292,10.4115937790867,0.0468015460624608,0.996016276623333,0.181178116676301,5.54318450713569,21.4938349447941,25.7978229333378,12.331338149614,11.8858550083539,0.249464085868897,0.276113522939666,10.7867971295071,59.6229960277459,6.76718044649778,11.0629106524468
"25113","Fayette",33.716157,-87.764292,10.4115937790867,0.0468015460624608,0.996016276623333,0.181178116676301,5.54318450713569,21.4938349447941,25.7978229333378,12.331338149614,11.8858550083539,0.249464085868897,0.276113522939666,10.7867971295071,59.6229960277459,6.76718044649778,11.0629106524468
"25108","Fayette",33.716157,-87.764292,10.4115937790867,0.0468015460624608,0.996016276623333,0.181178116676301,5.54318450713569,21.4938349447941,25.7978229333378,12.331338149614,11.8858550083539,0.249464085868897,0.276113522939666,10.7867971295071,59.6229960277459,6.76718044649778,11.0629106524468
"E987","Geneva",31.092382,-85.821022,42.2333041872634,0.0635625069037556,1.34473432972914,0.315738707125628,7.53265974686447,0.0147052069796224,21.6442697881768,2.35064465324324,5.07065103051511,0.900688619614079,0.39701339480229,18.1320278287825,24.0096196483997,9.25669529062299,18.5290412235848
"E158","Houston",31.158183,-85.296411,43.479316241695,0.533775648728546,5.27779635134134,1.51691296268472,9.88439218193021,0.0701456639212004,14.6836385916285,1.68299171728278,5.04098510135595,0.43769575211875,0.227302699973667,17.1650470873393,16.4367759728325,17.2128771446848,17.3923497873129
"E596","Houston",31.158183,-85.296411,43.479316241695,0.533775648728546,5.27779635134134,1.51691296268472,9.88439218193021,0.0701456639212004,14.6836385916285,1.68299171728278,5.04098510135595,0.43769575211875,0.227302699973667,17.1650470873393,16.4367759728325,17.2128771446848,17.3923497873129
"E284","Houston",31.158183,-85.296411,43.479316241695,0.533775648728546,5.27779635134134,1.51691296268472,9.88439218193021,0.0701456639212004,14.6836385916285,1.68299171728278,5.04098510135595,0.43769575211875,0.227302699973667,17.1650470873393,16.4367759728325,17.2128771446848,17.3923497873129
"E595","Houston",31.158183,-85.296411,43.479316241695,0.533775648728546,5.27779635134134,1.51691296268472,9.88439218193021,0.0701456639212004,14.6836385916285,1.68299171728278,5.04098510135595,0.43769575211875,0.227302699973667,17.1650470873393,16.4367759728325,17.2128771446848,17.3923497873129
"E478","Houston",31.158183,-85.296411,43.479316241695,0.533775648728546,5.27779635134134,1.51691296268472,9.88439218193021,0.0701456639212004,14.6836385916285,1.68299171728278,5.04098510135595,0.43769575211875,0.227302699973667,17.1650470873393,16.4367759728325,17.2128771446848,17.3923497873129
"E650","Houston",31.158183,-85.296411,43.479316241695,0.533775648728546,5.27779635134134,1.51691296268472,9.88439218193021,0.0701456639212004,14.6836385916285,1.68299171728278,5.04098510135595,0.43769575211875,0.227302699973667,17.1650470873393,16.4367759728325,17.2128771446848,17.3923497873129
"5307351","Houston",31.158183,-85.296411,43.479316241695,0.533775648728546,5.27779635134134,1.51691296268472,9.88439218193021,0.0701456639212004,14.6836385916285,1.68299171728278,5.04098510135595,0.43769575211875,0.227302699973667,17.1650470873393,16.4367759728325,17.2128771446848,17.3923497873129
"25491","Jackson",34.764114,-85.980056,26.6833292770439,0.117142155641397,1.65978342056858,0.503766948935104,4.53246951460415,50.5213430966506,2.97353239156898,4.38347380738912,1.96548624150797,3.75175226770688,0.157784602743866,2.75013627563939,57.8783492956087,6.81316203974923,2.90792087838326
"25698","Jackson",34.764114,-85.980056,26.6833292770439,0.117142155641397,1.65978342056858,0.503766948935104,4.53246951460415,50.5213430966506,2.97353239156898,4.38347380738912,1.96548624150797,3.75175226770688,0.157784602743866,2.75013627563939,57.8783492956087,6.81316203974923,2.90792087838326
"E4509","Jackson",34.764114,-85.980056,26.6833292770439,0.117142155641397,1.65978342056858,0.503766948935104,4.53246951460415,50.5213430966506,2.97353239156898,4.38347380738912,1.96548624150797,3.75175226770688,0.157784602743866,2.75013627563939,57.8783492956087,6.81316203974923,2.90792087838326
"5871597","Jefferson",33.553444,-86.896536,6.09055537285545,2.06891376400473,12.1948391247459,5.71535905310937,15.1192000145605,25.0445037084057,14.5981732958208,12.0240332757056,5.02143198165162,1.09546574305571,0.0242346500645791,1.00329001602009,51.666710279932,35.0983119564205,1.02752466608467
"5755567","Jefferson",33.553444,-86.896536,6.09055537285545,2.06891376400473,12.1948391247459,5.71535905310937,15.1192000145605,25.0445037084057,14.5981732958208,12.0240332757056,5.02143198165162,1.09546574305571,0.0242346500645791,1.00329001602009,51.666710279932,35.0983119564205,1.02752466608467
"AL18099","Jefferson",33.553444,-86.896536,6.09055537285545,2.06891376400473,12.1948391247459,5.71535905310937,15.1192000145605,25.0445037084057,14.5981732958208,12.0240332757056,5.02143198165162,1.09546574305571,0.0242346500645791,1.00329001602009,51.666710279932,35.0983119564205,1.02752466608467
"JR2005","Jefferson",33.553444,-86.896536,6.09055537285545,2.06891376400473,12.1948391247459,5.71535905310937,15.1192000145605,25.0445037084057,14.5981732958208,12.0240332757056,5.02143198165162,1.09546574305571,0.0242346500645791,1.00329001602009,51.666710279932,35.0983119564205,1.02752466608467
"JR18147","Jefferson",33.553444,-86.896536,6.09055537285545,2.06891376400473,12.1948391247459,5.71535905310937,15.1192000145605,25.0445037084057,14.5981732958208,12.0240332757056,5.02143198165162,1.09546574305571,0.0242346500645791,1.00329001602009,51.666710279932,35.0983119564205,1.02752466608467
"JR18146","Jefferson",33.553444,-86.896536,6.09055537285545,2.06891376400473,12.1948391247459,5.71535905310937,15.1192000145605,25.0445037084057,14.5981732958208,12.0240332757056,5.02143198165162,1.09546574305571,0.0242346500645791,1.00329001602009,51.666710279932,35.0983119564205,1.02752466608467
"JR18183","Jefferson",33.553444,-86.896536,6.09055537285545,2.06891376400473,12.1948391247459,5.71535905310937,15.1192000145605,25.0445037084057,14.5981732958208,12.0240332757056,5.02143198165162,1.09546574305571,0.0242346500645791,1.00329001602009,51.666710279932,35.0983119564205,1.02752466608467
"JR18184","Jefferson",33.553444,-86.896536,6.09055537285545,2.06891376400473,12.1948391247459,5.71535905310937,15.1192000145605,25.0445037084057,14.5981732958208,12.0240332757056,5.02143198165162,1.09546574305571,0.0242346500645791,1.00329001602009,51.666710279932,35.0983119564205,1.02752466608467
"JR1945","Jefferson",33.553444,-86.896536,6.09055537285545,2.06891376400473,12.1948391247459,5.71535905310937,15.1192000145605,25.0445037084057,14.5981732958208,12.0240332757056,5.02143198165162,1.09546574305571,0.0242346500645791,1.00329001602009,51.666710279932,35.0983119564205,1.02752466608467
"JR1958","Jefferson",33.553444,-86.896536,6.09055537285545,2.06891376400473,12.1948391247459,5.71535905310937,15.1192000145605,25.0445037084057,14.5981732958208,12.0240332757056,5.02143198165162,1.09546574305571,0.0242346500645791,1.00329001602009,51.666710279932,35.0983119564205,1.02752466608467
"JR1981","Jefferson",33.553444,-86.896536,6.09055537285545,2.06891376400473,12.1948391247459,5.71535905310937,15.1192000145605,25.0445037084057,14.5981732958208,12.0240332757056,5.02143198165162,1.09546574305571,0.0242346500645791,1.00329001602009,51.666710279932,35.0983119564205,1.02752466608467
"JR1984","Jefferson",33.553444,-86.896536,6.09055537285545,2.06891376400473,12.1948391247459,5.71535905310937,15.1192000145605,25.0445037084057,14.5981732958208,12.0240332757056,5.02143198165162,1.09546574305571,0.0242346500645791,1.00329001602009,51.666710279932,35.0983119564205,1.02752466608467
"JR1998","Jefferson",33.553444,-86.896536,6.09055537285545,2.06891376400473,12.1948391247459,5.71535905310937,15.1192000145605,25.0445037084057,14.5981732958208,12.0240332757056,5.02143198165162,1.09546574305571,0.0242346500645791,1.00329001602009,51.666710279932,35.0983119564205,1.02752466608467
"JR1999","Jefferson",33.553444,-86.896536,6.09055537285545,2.06891376400473,12.1948391247459,5.71535905310937,15.1192000145605,25.0445037084057,14.5981732958208,12.0240332757056,5.02143198165162,1.09546574305571,0.0242346500645791,1.00329001602009,51.666710279932,35.0983119564205,1.02752466608467
"JR18265","Jefferson",33.553444,-86.896536,6.09055537285545,2.06891376400473,12.1948391247459,5.71535905310937,15.1192000145605,25.0445037084057,14.5981732958208,12.0240332757056,5.02143198165162,1.09546574305571,0.0242346500645791,1.00329001602009,51.666710279932,35.0983119564205,1.02752466608467
"JR18266","Jefferson",33.553444,-86.896536,6.09055537285545,2.06891376400473,12.1948391247459,5.71535905310937,15.1192000145605,25.0445037084057,14.5981732958208,12.0240332757056,5.02143198165162,1.09546574305571,0.0242346500645791,1.00329001602009,51.666710279932,35.0983119564205,1.02752466608467
"JR1946","Jefferson",33.553444,-86.896536,6.09055537285545,2.06891376400473,12.1948391247459,5.71535905310937,15.1192000145605,25.0445037084057,14.5981732958208,12.0240332757056,5.02143198165162,1.09546574305571,0.0242346500645791,1.00329001602009,51.666710279932,35.0983119564205,1.02752466608467
"JR18269","Jefferson",33.553444,-86.896536,6.09055537285545,2.06891376400473,12.1948391247459,5.71535905310937,15.1192000145605,25.0445037084057,14.5981732958208,12.0240332757056,5.02143198165162,1.09546574305571,0.0242346500645791,1.00329001602009,51.666710279932,35.0983119564205,1.02752466608467
"JR1905","Jefferson",33.553444,-86.896536,6.09055537285545,2.06891376400473,12.1948391247459,5.71535905310937,15.1192000145605,25.0445037084057,14.5981732958208,12.0240332757056,5.02143198165162,1.09546574305571,0.0242346500645791,1.00329001602009,51.666710279932,35.0983119564205,1.02752466608467
"JR18271","Jefferson",33.553444,-86.896536,6.09055537285545,2.06891376400473,12.1948391247459,5.71535905310937,15.1192000145605,25.0445037084057,14.5981732958208,12.0240332757056,5.02143198165162,1.09546574305571,0.0242346500645791,1.00329001602009,51.666710279932,35.0983119564205,1.02752466608467
"26573","Jefferson",33.553444,-86.896536,6.09055537285545,2.06891376400473,12.1948391247459,5.71535905310937,15.1192000145605,25.0445037084057,14.5981732958208,12.0240332757056,5.02143198165162,1.09546574305571,0.0242346500645791,1.00329001602009,51.666710279932,35.0983119564205,1.02752466608467
"24559","Jefferson",33.553444,-86.896536,6.09055537285545,2.06891376400473,12.1948391247459,5.71535905310937,15.1192000145605,25.0445037084057,14.5981732958208,12.0240332757056,5.02143198165162,1.09546574305571,0.0242346500645791,1.00329001602009,51.666710279932,35.0983119564205,1.02752466608467
"24591","Jefferson",33.553444,-86.896536,6.09055537285545,2.06891376400473,12.1948391247459,5.71535905310937,15.1192000145605,25.0445037084057,14.5981732958208,12.0240332757056,5.02143198165162,1.09546574305571,0.0242346500645791,1.00329001602009,51.666710279932,35.0983119564205,1.02752466608467
"24630","Jefferson",33.553444,-86.896536,6.09055537285545,2.06891376400473,12.1948391247459,5.71535905310937,15.1192000145605,25.0445037084057,14.5981732958208,12.0240332757056,5.02143198165162,1.09546574305571,0.0242346500645791,1.00329001602009,51.666710279932,35.0983119564205,1.02752466608467
"25245","Lauderdale",34.904168,-87.651108,42.4722622688451,0.281039240399592,2.80824998747122,0.93650576257949,8.27744372328221,26.0080911868917,3.46251408406729,1.91784644670276,2.24693800520831,6.8974159809473,0.188142564496119,4.50355074910899,31.3884517176617,12.3032387137325,4.69169331360511
"5713652","Lauderdale",34.904168,-87.651108,42.4722622688451,0.281039240399592,2.80824998747122,0.93650576257949,8.27744372328221,26.0080911868917,3.46251408406729,1.91784644670276,2.24693800520831,6.8974159809473,0.188142564496119,4.50355074910899,31.3884517176617,12.3032387137325,4.69169331360511
"5884375","Lauderdale",34.904168,-87.651108,42.4722622688451,0.281039240399592,2.80824998747122,0.93650576257949,8.27744372328221,26.0080911868917,3.46251408406729,1.91784644670276,2.24693800520831,6.8974159809473,0.188142564496119,4.50355074910899,31.3884517176617,12.3032387137325,4.69169331360511
"26237","Lawrence",34.529776,-87.321865,43.1220503977969,0.121905276806721,1.85748290689618,0.589420384994107,5.19078564679606,25.910478843078,4.15376959134539,4.06504033376226,1.28200326748247,3.34051903957101,0.490644292543789,9.87590001892714,34.1292887681857,7.75959421549307,10.3665443114709
"5884339","Lawrence",34.529776,-87.321865,43.1220503977969,0.121905276806721,1.85748290689618,0.589420384994107,5.19078564679606,25.910478843078,4.15376959134539,4.06504033376226,1.28200326748247,3.34051903957101,0.490644292543789,9.87590001892714,34.1292887681857,7.75959421549307,10.3665443114709
"25913","Lee",32.604064,-85.353048,12.8231839774894,0.572918958720809,6.866123163676,2.18462074501695,8.57624889873057,19.7059866252953,22.5655408315746,9.56088085654827,9.52736083780425,1.5682675353914,0.0883435969514919,5.96052397280105,51.8324083134181,18.1999117661443,6.04886756975254
"ALCJ1801","Lee",32.604064,-85.353048,12.8231839774894,0.572918958720809,6.866123163676,2.18462074501695,8.57624889873057,19.7059866252953,22.5655408315746,9.56088085654827,9.52736083780425,1.5682675353914,0.0883435969514919,5.96052397280105,51.8324083134181,18.1999117661443,6.04886756975254
"25893","Lee",32.604064,-85.353048,12.8231839774894,0.572918958720809,6.866123163676,2.18462074501695,8.57624889873057,19.7059866252953,22.5655408315746,9.56088085654827,9.52736083780425,1.5682675353914,0.0883435969514919,5.96052397280105,51.8324083134181,18.1999117661443,6.04886756975254
"25153","Lee",32.604064,-85.353048,12.8231839774894,0.572918958720809,6.866123163676,2.18462074501695,8.57624889873057,19.7059866252953,22.5655408315746,9.56088085654827,9.52736083780425,1.5682675353914,0.0883435969514919,5.96052397280105,51.8324083134181,18.1999117661443,6.04886756975254
"25936","Lee",32.604064,-85.353048,12.8231839774894,0.572918958720809,6.866123163676,2.18462074501695,8.57624889873057,19.7059866252953,22.5655408315746,9.56088085654827,9.52736083780425,1.5682675353914,0.0883435969514919,5.96052397280105,51.8324083134181,18.1999117661443,6.04886756975254
"25400","Lee",32.604064,-85.353048,12.8231839774894,0.572918958720809,6.866123163676,2.18462074501695,8.57624889873057,19.7059866252953,22.5655408315746,9.56088085654827,9.52736083780425,1.5682675353914,0.0883435969514919,5.96052397280105,51.8324083134181,18.1999117661443,6.04886756975254
"26203","Lee",32.604064,-85.353048,12.8231839774894,0.572918958720809,6.866123163676,2.18462074501695,8.57624889873057,19.7059866252953,22.5655408315746,9.56088085654827,9.52736083780425,1.5682675353914,0.0883435969514919,5.96052397280105,51.8324083134181,18.1999117661443,6.04886756975254
"25273","Lee",32.604064,-85.353048,12.8231839774894,0.572918958720809,6.866123163676,2.18462074501695,8.57624889873057,19.7059866252953,22.5655408315746,9.56088085654827,9.52736083780425,1.5682675353914,0.0883435969514919,5.96052397280105,51.8324083134181,18.1999117661443,6.04886756975254
"25390","Lee",32.604064,-85.353048,12.8231839774894,0.572918958720809,6.866123163676,2.18462074501695,8.57624889873057,19.7059866252953,22.5655408315746,9.56088085654827,9.52736083780425,1.5682675353914,0.0883435969514919,5.96052397280105,51.8324083134181,18.1999117661443,6.04886756975254
"24348","Macon",32.387027,-85.692887,16.86926114795,0.0453445152391229,1.70967461022095,0.24221598466304,3.87492888445041,8.92916978991308,27.7339795044025,11.1112497658042,9.40166855495941,0.929764024746601,0.240566110938538,18.9121771067122,47.7743990601197,5.87216399457353,19.1527432176507
"25834","Madison",34.764238,-86.55108,35.7517928596854,1.15993463969702,10.1414115621603,4.58552693168577,11.9098694330114,23.1411141194852,1.57276609613849,1.95796526601262,0.611795602244753,0.914955805104335,0.361428958718242,7.89143872605651,26.6718454816363,27.7967425665545,8.25286768477475
"5896677","Madison",34.764238,-86.55108,35.7517928596854,1.15993463969702,10.1414115621603,4.58552693168577,11.9098694330114,23.1411141194852,1.57276609613849,1.95796526601262,0.611795602244753,0.914955805104335,0.361428958718242,7.89143872605651,26.6718454816363,27.7967425665545,8.25286768477475
"5311370","Marengo",32.247591,-87.791091,20.1090483937327,0.0582362857957303,0.938333796309573,0.259976359388167,3.55767433772837,3.45828594898737,29.9271721663005,9.08595676123819,8.98332156051169,1.02452109061288,0.786516844153541,21.8109564552413,42.471414876526,4.81422077922184,22.5974732993948
"5710569","Marshall",34.309564,-86.321668,36.2643591975343,0.409724490236528,3.60336026922041,1.34547641497247,8.51310904338991,30.451716904581,2.54508653176594,5.10828178408701,1.57148836147622,8.81467804987649,0.114228514393221,1.25849043846655,38.1050852204339,13.8716702178193,1.37271895285977
"26510","Marshall",34.309564,-86.321668,36.2643591975343,0.409724490236528,3.60336026922041,1.34547641497247,8.51310904338991,30.451716904581,2.54508653176594,5.10828178408701,1.57148836147622,8.81467804987649,0.114228514393221,1.25849043846655,38.1050852204339,13.8716702178193,1.37271895285977
"25894","Marshall",34.309564,-86.321668,36.2643591975343,0.409724490236528,3.60336026922041,1.34547641497247,8.51310904338991,30.451716904581,2.54508653176594,5.10828178408701,1.57148836147622,8.81467804987649,0.114228514393221,1.25849043846655,38.1050852204339,13.8716702178193,1.37271895285977
"25202","Marshall",34.309564,-86.321668,36.2643591975343,0.409724490236528,3.60336026922041,1.34547641497247,8.51310904338991,30.451716904581,2.54508653176594,5.10828178408701,1.57148836147622,8.81467804987649,0.114228514393221,1.25849043846655,38.1050852204339,13.8716702178193,1.37271895285977
"25643","Marshall",34.309564,-86.321668,36.2643591975343,0.409724490236528,3.60336026922041,1.34547641497247,8.51310904338991,30.451716904581,2.54508653176594,5.10828178408701,1.57148836147622,8.81467804987649,0.114228514393221,1.25849043846655,38.1050852204339,13.8716702178193,1.37271895285977
"3625","Marshall",34.309564,-86.321668,36.2643591975343,0.409724490236528,3.60336026922041,1.34547641497247,8.51310904338991,30.451716904581,2.54508653176594,5.10828178408701,1.57148836147622,8.81467804987649,0.114228514393221,1.25849043846655,38.1050852204339,13.8716702178193,1.37271895285977
"25976","Marshall",34.309564,-86.321668,36.2643591975343,0.409724490236528,3.60336026922041,1.34547641497247,8.51310904338991,30.451716904581,2.54508653176594,5.10828178408701,1.57148836147622,8.81467804987649,0.114228514393221,1.25849043846655,38.1050852204339,13.8716702178193,1.37271895285977
"25319","Marshall",34.309564,-86.321668,36.2643591975343,0.409724490236528,3.60336026922041,1.34547641497247,8.51310904338991,30.451716904581,2.54508653176594,5.10828178408701,1.57148836147622,8.81467804987649,0.114228514393221,1.25849043846655,38.1050852204339,13.8716702178193,1.37271895285977
"JR18185","Marshall",34.309564,-86.321668,36.2643591975343,0.409724490236528,3.60336026922041,1.34547641497247,8.51310904338991,30.451716904581,2.54508653176594,5.10828178408701,1.57148836147622,8.81467804987649,0.114228514393221,1.25849043846655,38.1050852204339,13.8716702178193,1.37271895285977
"JR1971","Marshall",34.309564,-86.321668,36.2643591975343,0.409724490236528,3.60336026922041,1.34547641497247,8.51310904338991,30.451716904581,2.54508653176594,5.10828178408701,1.57148836147622,8.81467804987649,0.114228514393221,1.25849043846655,38.1050852204339,13.8716702178193,1.37271895285977
"JR1989","Marshall",34.309564,-86.321668,36.2643591975343,0.409724490236528,3.60336026922041,1.34547641497247,8.51310904338991,30.451716904581,2.54508653176594,5.10828178408701,1.57148836147622,8.81467804987649,0.114228514393221,1.25849043846655,38.1050852204339,13.8716702178193,1.37271895285977
"JR1990","Marshall",34.309564,-86.321668,36.2643591975343,0.409724490236528,3.60336026922041,1.34547641497247,8.51310904338991,30.451716904581,2.54508653176594,5.10828178408701,1.57148836147622,8.81467804987649,0.114228514393221,1.25849043846655,38.1050852204339,13.8716702178193,1.37271895285977
"JR1991","Marshall",34.309564,-86.321668,36.2643591975343,0.409724490236528,3.60336026922041,1.34547641497247,8.51310904338991,30.451716904581,2.54508653176594,5.10828178408701,1.57148836147622,8.81467804987649,0.114228514393221,1.25849043846655,38.1050852204339,13.8716702178193,1.37271895285977
"JR18260","Marshall",34.309564,-86.321668,36.2643591975343,0.409724490236528,3.60336026922041,1.34547641497247,8.51310904338991,30.451716904581,2.54508653176594,5.10828178408701,1.57148836147622,8.81467804987649,0.114228514393221,1.25849043846655,38.1050852204339,13.8716702178193,1.37271895285977
"JR1920","Marshall",34.309564,-86.321668,36.2643591975343,0.409724490236528,3.60336026922041,1.34547641497247,8.51310904338991,30.451716904581,2.54508653176594,5.10828178408701,1.57148836147622,8.81467804987649,0.114228514393221,1.25849043846655,38.1050852204339,13.8716702178193,1.37271895285977
"JR1921","Marshall",34.309564,-86.321668,36.2643591975343,0.409724490236528,3.60336026922041,1.34547641497247,8.51310904338991,30.451716904581,2.54508653176594,5.10828178408701,1.57148836147622,8.81467804987649,0.114228514393221,1.25849043846655,38.1050852204339,13.8716702178193,1.37271895285977
"JR1919","Marshall",34.309564,-86.321668,36.2643591975343,0.409724490236528,3.60336026922041,1.34547641497247,8.51310904338991,30.451716904581,2.54508653176594,5.10828178408701,1.57148836147622,8.81467804987649,0.114228514393221,1.25849043846655,38.1050852204339,13.8716702178193,1.37271895285977
"5841697","Mobile",30.684572,-88.196568,8.30780690268283,0.871434103145181,5.79714824161207,2.30686325933832,7.30752813215011,0.00478983565744397,24.4253700889664,0.75963647023322,5.9229049596697,24.9325221808152,2.12023724196053,17.2437585837689,25.1897963948571,16.2829737362457,19.3639958257295
"5280430","Mobile",30.684572,-88.196568,8.30780690268283,0.871434103145181,5.79714824161207,2.30686325933832,7.30752813215011,0.00478983565744397,24.4253700889664,0.75963647023322,5.9229049596697,24.9325221808152,2.12023724196053,17.2437585837689,25.1897963948571,16.2829737362457,19.3639958257295
"SG1909","Mobile",30.684572,-88.196568,8.30780690268283,0.871434103145181,5.79714824161207,2.30686325933832,7.30752813215011,0.00478983565744397,24.4253700889664,0.75963647023322,5.9229049596697,24.9325221808152,2.12023724196053,17.2437585837689,25.1897963948571,16.2829737362457,19.3639958257295
"SG1910","Mobile",30.684572,-88.196568,8.30780690268283,0.871434103145181,5.79714824161207,2.30686325933832,7.30752813215011,0.00478983565744397,24.4253700889664,0.75963647023322,5.9229049596697,24.9325221808152,2.12023724196053,17.2437585837689,25.1897963948571,16.2829737362457,19.3639958257295
"SG1925","Mobile",30.684572,-88.196568,8.30780690268283,0.871434103145181,5.79714824161207,2.30686325933832,7.30752813215011,0.00478983565744397,24.4253700889664,0.75963647023322,5.9229049596697,24.9325221808152,2.12023724196053,17.2437585837689,25.1897963948571,16.2829737362457,19.3639958257295
"E535","Mobile",30.684572,-88.196568,8.30780690268283,0.871434103145181,5.79714824161207,2.30686325933832,7.30752813215011,0.00478983565744397,24.4253700889664,0.75963647023322,5.9229049596697,24.9325221808152,2.12023724196053,17.2437585837689,25.1897963948571,16.2829737362457,19.3639958257295
"E654","Mobile",30.684572,-88.196568,8.30780690268283,0.871434103145181,5.79714824161207,2.30686325933832,7.30752813215011,0.00478983565744397,24.4253700889664,0.75963647023322,5.9229049596697,24.9325221808152,2.12023724196053,17.2437585837689,25.1897963948571,16.2829737362457,19.3639958257295
"E409","Mobile",30.684572,-88.196568,8.30780690268283,0.871434103145181,5.79714824161207,2.30686325933832,7.30752813215011,0.00478983565744397,24.4253700889664,0.75963647023322,5.9229049596697,24.9325221808152,2.12023724196053,17.2437585837689,25.1897963948571,16.2829737362457,19.3639958257295
"E629","Mobile",30.684572,-88.196568,8.30780690268283,0.871434103145181,5.79714824161207,2.30686325933832,7.30752813215011,0.00478983565744397,24.4253700889664,0.75963647023322,5.9229049596697,24.9325221808152,2.12023724196053,17.2437585837689,25.1897963948571,16.2829737362457,19.3639958257295
"E462","Mobile",30.684572,-88.196568,8.30780690268283,0.871434103145181,5.79714824161207,2.30686325933832,7.30752813215011,0.00478983565744397,24.4253700889664,0.75963647023322,5.9229049596697,24.9325221808152,2.12023724196053,17.2437585837689,25.1897963948571,16.2829737362457,19.3639958257295
"E395","Mobile",30.684572,-88.196568,8.30780690268283,0.871434103145181,5.79714824161207,2.30686325933832,7.30752813215011,0.00478983565744397,24.4253700889664,0.75963647023322,5.9229049596697,24.9325221808152,2.12023724196053,17.2437585837689,25.1897963948571,16.2829737362457,19.3639958257295
"26344","Mobile",30.684572,-88.196568,8.30780690268283,0.871434103145181,5.79714824161207,2.30686325933832,7.30752813215011,0.00478983565744397,24.4253700889664,0.75963647023322,5.9229049596697,24.9325221808152,2.12023724196053,17.2437585837689,25.1897963948571,16.2829737362457,19.3639958257295
"5248710","Monroe",31.580353,-87.383342,10.6559106685749,0.0513647417230275,0.599783689937998,0.172900820337123,3.78901832463516,0.880096567949876,39.0217324094599,12.701966164762,11.7954841705497,0.808600588562499,0.360821298515889,19.162320554992,52.6037951421718,4.6130675766333,19.5231418535079
"25190","Montgomery",32.202881,-86.204461,32.4196034281807,1.03165088478115,6.66407499343947,3.70368551743589,6.06310948581554,5.11437505914036,12.2386308751228,7.74064405908234,4.40958615480472,2.03289350370512,0.470343405148889,18.111402633343,25.0936499933455,17.4625208814721,18.5817460384919
"25171","Montgomery",32.202881,-86.204461,32.4196034281807,1.03165088478115,6.66407499343947,3.70368551743589,6.06310948581554,5.11437505914036,12.2386308751228,7.74064405908234,4.40958615480472,2.03289350370512,0.470343405148889,18.111402633343,25.0936499933455,17.4625208814721,18.5817460384919
"DJ1022","Montgomery",32.202881,-86.204461,32.4196034281807,1.03165088478115,6.66407499343947,3.70368551743589,6.06310948581554,5.11437505914036,12.2386308751228,7.74064405908234,4.40958615480472,2.03289350370512,0.470343405148889,18.111402633343,25.0936499933455,17.4625208814721,18.5817460384919
"DJ1322","Montgomery",32.202881,-86.204461,32.4196034281807,1.03165088478115,6.66407499343947,3.70368551743589,6.06310948581554,5.11437505914036,12.2386308751228,7.74064405908234,4.40958615480472,2.03289350370512,0.470343405148889,18.111402633343,25.0936499933455,17.4625208814721,18.5817460384919
"DJ2022","Montgomery",32.202881,-86.204461,32.4196034281807,1.03165088478115,6.66407499343947,3.70368551743589,6.06310948581554,5.11437505914036,12.2386308751228,7.74064405908234,4.40958615480472,2.03289350370512,0.470343405148889,18.111402633343,25.0936499933455,17.4625208814721,18.5817460384919
"DJ2122","Montgomery",32.202881,-86.204461,32.4196034281807,1.03165088478115,6.66407499343947,3.70368551743589,6.06310948581554,5.11437505914036,12.2386308751228,7.74064405908234,4.40958615480472,2.03289350370512,0.470343405148889,18.111402633343,25.0936499933455,17.4625208814721,18.5817460384919
"DJ3022","Montgomery",32.202881,-86.204461,32.4196034281807,1.03165088478115,6.66407499343947,3.70368551743589,6.06310948581554,5.11437505914036,12.2386308751228,7.74064405908234,4.40958615480472,2.03289350370512,0.470343405148889,18.111402633343,25.0936499933455,17.4625208814721,18.5817460384919
"DJ0122","Montgomery",32.202881,-86.204461,32.4196034281807,1.03165088478115,6.66407499343947,3.70368551743589,6.06310948581554,5.11437505914036,12.2386308751228,7.74064405908234,4.40958615480472,2.03289350370512,0.470343405148889,18.111402633343,25.0936499933455,17.4625208814721,18.5817460384919
"DJ0422","Montgomery",32.202881,-86.204461,32.4196034281807,1.03165088478115,6.66407499343947,3.70368551743589,6.06310948581554,5.11437505914036,12.2386308751228,7.74064405908234,4.40958615480472,2.03289350370512,0.470343405148889,18.111402633343,25.0936499933455,17.4625208814721,18.5817460384919
"DJ0522","Montgomery",32.202881,-86.204461,32.4196034281807,1.03165088478115,6.66407499343947,3.70368551743589,6.06310948581554,5.11437505914036,12.2386308751228,7.74064405908234,4.40958615480472,2.03289350370512,0.470343405148889,18.111402633343,25.0936499933455,17.4625208814721,18.5817460384919
"DJ0622","Montgomery",32.202881,-86.204461,32.4196034281807,1.03165088478115,6.66407499343947,3.70368551743589,6.06310948581554,5.11437505914036,12.2386308751228,7.74064405908234,4.40958615480472,2.03289350370512,0.470343405148889,18.111402633343,25.0936499933455,17.4625208814721,18.5817460384919
"5861324","Morgan",34.454484,-86.846402,37.7771563683974,0.868270596756406,5.02147303917381,2.22786868042298,9.01577934518238,25.9916919199286,3.03246191630433,4.48772899906069,2.07171558384815,2.56541224104487,0.273467769071211,6.66697354080915,33.5118828352937,17.1333916615356,6.94044130988036
"25899","Morgan",34.454484,-86.846402,37.7771563683974,0.868270596756406,5.02147303917381,2.22786868042298,9.01577934518238,25.9916919199286,3.03246191630433,4.48772899906069,2.07171558384815,2.56541224104487,0.273467769071211,6.66697354080915,33.5118828352937,17.1333916615356,6.94044130988036
"E363","Pike",31.798653,-85.941608,23.6884984274874,0.142927323617229,1.36496389865709,0.511754011217818,5.62089020147517,4.1232007916986,20.8592410062555,19.4608778271958,10.3583532861243,0.749852724071174,0.176362933248646,12.9430775689513,44.4433196251499,7.64053543496731,13.1194405021999
"J1218150","Shelby",33.266893,-86.661007,12.131493704083,0.560660351630878,6.58077733802472,2.85981194776566,9.47204120684904,24.9466940942016,19.5584047969172,10.9609843219274,7.39553260641067,2.12205662996172,0.0818960283959485,3.32964697383214,55.4660832130462,19.4732908442703,3.41154300222809
"24785","Shelby",33.266893,-86.661007,12.131493704083,0.560660351630878,6.58077733802472,2.85981194776566,9.47204120684904,24.9466940942016,19.5584047969172,10.9609843219274,7.39553260641067,2.12205662996172,0.0818960283959485,3.32964697383214,55.4660832130462,19.4732908442703,3.41154300222809
"26412","Shelby",33.266893,-86.661007,12.131493704083,0.560660351630878,6.58077733802472,2.85981194776566,9.47204120684904,24.9466940942016,19.5584047969172,10.9609843219274,7.39553260641067,2.12205662996172,0.0818960283959485,3.32964697383214,55.4660832130462,19.4732908442703,3.41154300222809
"24837","Shelby",33.266893,-86.661007,12.131493704083,0.560660351630878,6.58077733802472,2.85981194776566,9.47204120684904,24.9466940942016,19.5584047969172,10.9609843219274,7.39553260641067,2.12205662996172,0.0818960283959485,3.32964697383214,55.4660832130462,19.4732908442703,3.41154300222809
"26471","Shelby",33.266893,-86.661007,12.131493704083,0.560660351630878,6.58077733802472,2.85981194776566,9.47204120684904,24.9466940942016,19.5584047969172,10.9609843219274,7.39553260641067,2.12205662996172,0.0818960283959485,3.32964697383214,55.4660832130462,19.4732908442703,3.41154300222809
"25130","Shelby",33.266893,-86.661007,12.131493704083,0.560660351630878,6.58077733802472,2.85981194776566,9.47204120684904,24.9466940942016,19.5584047969172,10.9609843219274,7.39553260641067,2.12205662996172,0.0818960283959485,3.32964697383214,55.4660832130462,19.4732908442703,3.41154300222809
"26340","Shelby",33.266893,-86.661007,12.131493704083,0.560660351630878,6.58077733802472,2.85981194776566,9.47204120684904,24.9466940942016,19.5584047969172,10.9609843219274,7.39553260641067,2.12205662996172,0.0818960283959485,3.32964697383214,55.4660832130462,19.4732908442703,3.41154300222809
"25577","Shelby",33.266893,-86.661007,12.131493704083,0.560660351630878,6.58077733802472,2.85981194776566,9.47204120684904,24.9466940942016,19.5584047969172,10.9609843219274,7.39553260641067,2.12205662996172,0.0818960283959485,3.32964697383214,55.4660832130462,19.4732908442703,3.41154300222809
"24599","Shelby",33.266893,-86.661007,12.131493704083,0.560660351630878,6.58077733802472,2.85981194776566,9.47204120684904,24.9466940942016,19.5584047969172,10.9609843219274,7.39553260641067,2.12205662996172,0.0818960283959485,3.32964697383214,55.4660832130462,19.4732908442703,3.41154300222809
"5872979","St. Clair",33.719491,-86.311327,17.1934323881888,0.209053337885434,3.96614850075634,1.04481310725807,7.66777930741981,35.4509399263222,14.6801827132341,7.3317645497602,6.25422238289158,3.20707047297763,0.0679473077649815,2.92664600554084,57.4628871893165,12.8877942533197,2.99459331330582
"5774536","St. Clair",33.719491,-86.311327,17.1934323881888,0.209053337885434,3.96614850075634,1.04481310725807,7.66777930741981,35.4509399263222,14.6801827132341,7.3317645497602,6.25422238289158,3.20707047297763,0.0679473077649815,2.92664600554084,57.4628871893165,12.8877942533197,2.99459331330582
"5813167","St. Clair",33.719491,-86.311327,17.1934323881888,0.209053337885434,3.96614850075634,1.04481310725807,7.66777930741981,35.4509399263222,14.6801827132341,7.3317645497602,6.25422238289158,3.20707047297763,0.0679473077649815,2.92664600554084,57.4628871893165,12.8877942533197,2.99459331330582
"5893715","St. Clair",33.719491,-86.311327,17.1934323881888,0.209053337885434,3.96614850075634,1.04481310725807,7.66777930741981,35.4509399263222,14.6801827132341,7.3317645497602,6.25422238289158,3.20707047297763,0.0679473077649815,2.92664600554084,57.4628871893165,12.8877942533197,2.99459331330582
"JR1935","St. Clair",33.719491,-86.311327,17.1934323881888,0.209053337885434,3.96614850075634,1.04481310725807,7.66777930741981,35.4509399263222,14.6801827132341,7.3317645497602,6.25422238289158,3.20707047297763,0.0679473077649815,2.92664600554084,57.4628871893165,12.8877942533197,2.99459331330582
"JR1977","St. Clair",33.719491,-86.311327,17.1934323881888,0.209053337885434,3.96614850075634,1.04481310725807,7.66777930741981,35.4509399263222,14.6801827132341,7.3317645497602,6.25422238289158,3.20707047297763,0.0679473077649815,2.92664600554084,57.4628871893165,12.8877942533197,2.99459331330582
"26044","St. Clair",33.719491,-86.311327,17.1934323881888,0.209053337885434,3.96614850075634,1.04481310725807,7.66777930741981,35.4509399263222,14.6801827132341,7.3317645497602,6.25422238289158,3.20707047297763,0.0679473077649815,2.92664600554084,57.4628871893165,12.8877942533197,2.99459331330582
"25920","St. Clair",33.719491,-86.311327,17.1934323881888,0.209053337885434,3.96614850075634,1.04481310725807,7.66777930741981,35.4509399263222,14.6801827132341,7.3317645497602,6.25422238289158,3.20707047297763,0.0679473077649815,2.92664600554084,57.4628871893165,12.8877942533197,2.99459331330582
"5-297","St. Clair",33.719491,-86.311327,17.1934323881888,0.209053337885434,3.96614850075634,1.04481310725807,7.66777930741981,35.4509399263222,14.6801827132341,7.3317645497602,6.25422238289158,3.20707047297763,0.0679473077649815,2.92664600554084,57.4628871893165,12.8877942533197,2.99459331330582
"26353","St. Clair",33.719491,-86.311327,17.1934323881888,0.209053337885434,3.96614850075634,1.04481310725807,7.66777930741981,35.4509399263222,14.6801827132341,7.3317645497602,6.25422238289158,3.20707047297763,0.0679473077649815,2.92664600554084,57.4628871893165,12.8877942533197,2.99459331330582
"26500","St. Clair",33.719491,-86.311327,17.1934323881888,0.209053337885434,3.96614850075634,1.04481310725807,7.66777930741981,35.4509399263222,14.6801827132341,7.3317645497602,6.25422238289158,3.20707047297763,0.0679473077649815,2.92664600554084,57.4628871893165,12.8877942533197,2.99459331330582
"26578","St. Clair",33.719491,-86.311327,17.1934323881888,0.209053337885434,3.96614850075634,1.04481310725807,7.66777930741981,35.4509399263222,14.6801827132341,7.3317645497602,6.25422238289158,3.20707047297763,0.0679473077649815,2.92664600554084,57.4628871893165,12.8877942533197,2.99459331330582
"26579","St. Clair",33.719491,-86.311327,17.1934323881888,0.209053337885434,3.96614850075634,1.04481310725807,7.66777930741981,35.4509399263222,14.6801827132341,7.3317645497602,6.25422238289158,3.20707047297763,0.0679473077649815,2.92664600554084,57.4628871893165,12.8877942533197,2.99459331330582
"E328","St. Clair",33.719491,-86.311327,17.1934323881888,0.209053337885434,3.96614850075634,1.04481310725807,7.66777930741981,35.4509399263222,14.6801827132341,7.3317645497602,6.25422238289158,3.20707047297763,0.0679473077649815,2.92664600554084,57.4628871893165,12.8877942533197,2.99459331330582
"5745484","Talladega",33.369314,-86.17593,20.9768138599008,0.389995192260382,3.70899437248793,1.01591513323267,7.05725412895476,24.7585135664802,19.79416147419,9.91485225315205,7.17752175697353,2.49143962681612,0.0843540153771113,2.63018462017446,54.4675272938222,12.1721588269358,2.71453863555157
"5764163","Talladega",33.369314,-86.17593,20.9768138599008,0.389995192260382,3.70899437248793,1.01591513323267,7.05725412895476,24.7585135664802,19.79416147419,9.91485225315205,7.17752175697353,2.49143962681612,0.0843540153771113,2.63018462017446,54.4675272938222,12.1721588269358,2.71453863555157
"5896682","Talladega",33.369314,-86.17593,20.9768138599008,0.389995192260382,3.70899437248793,1.01591513323267,7.05725412895476,24.7585135664802,19.79416147419,9.91485225315205,7.17752175697353,2.49143962681612,0.0843540153771113,2.63018462017446,54.4675272938222,12.1721588269358,2.71453863555157
"25499","Talladega",33.369314,-86.17593,20.9768138599008,0.389995192260382,3.70899437248793,1.01591513323267,7.05725412895476,24.7585135664802,19.79416147419,9.91485225315205,7.17752175697353,2.49143962681612,0.0843540153771113,2.63018462017446,54.4675272938222,12.1721588269358,2.71453863555157
"25134","Talladega",33.369314,-86.17593,20.9768138599008,0.389995192260382,3.70899437248793,1.01591513323267,7.05725412895476,24.7585135664802,19.79416147419,9.91485225315205,7.17752175697353,2.49143962681612,0.0843540153771113,2.63018462017446,54.4675272938222,12.1721588269358,2.71453863555157
"26497","Talladega",33.369314,-86.17593,20.9768138599008,0.389995192260382,3.70899437248793,1.01591513323267,7.05725412895476,24.7585135664802,19.79416147419,9.91485225315205,7.17752175697353,2.49143962681612,0.0843540153771113,2.63018462017446,54.4675272938222,12.1721588269358,2.71453863555157
"26019","Talladega",33.369314,-86.17593,20.9768138599008,0.389995192260382,3.70899437248793,1.01591513323267,7.05725412895476,24.7585135664802,19.79416147419,9.91485225315205,7.17752175697353,2.49143962681612,0.0843540153771113,2.63018462017446,54.4675272938222,12.1721588269358,2.71453863555157
"26463","Talladega",33.369314,-86.17593,20.9768138599008,0.389995192260382,3.70899437248793,1.01591513323267,7.05725412895476,24.7585135664802,19.79416147419,9.91485225315205,7.17752175697353,2.49143962681612,0.0843540153771113,2.63018462017446,54.4675272938222,12.1721588269358,2.71453863555157
"26537","Talladega",33.369314,-86.17593,20.9768138599008,0.389995192260382,3.70899437248793,1.01591513323267,7.05725412895476,24.7585135664802,19.79416147419,9.91485225315205,7.17752175697353,2.49143962681612,0.0843540153771113,2.63018462017446,54.4675272938222,12.1721588269358,2.71453863555157
"25079","Talladega",33.369314,-86.17593,20.9768138599008,0.389995192260382,3.70899437248793,1.01591513323267,7.05725412895476,24.7585135664802,19.79416147419,9.91485225315205,7.17752175697353,2.49143962681612,0.0843540153771113,2.63018462017446,54.4675272938222,12.1721588269358,2.71453863555157
"25752","Talladega",33.369314,-86.17593,20.9768138599008,0.389995192260382,3.70899437248793,1.01591513323267,7.05725412895476,24.7585135664802,19.79416147419,9.91485225315205,7.17752175697353,2.49143962681612,0.0843540153771113,2.63018462017446,54.4675272938222,12.1721588269358,2.71453863555157
"JM2303","Tuscaloosa",33.29022,-87.522783,8.46419729260134,0.407196144016643,4.1108823403583,1.51048669653208,7.87894059228927,18.8755429920062,23.9436419319553,12.4891171291221,8.32087111445131,1.99112317333104,0.242745570793086,11.7652550225433,55.3083020530836,13.9075057731963,12.0080005933364
"JM2301","Tuscaloosa",33.29022,-87.522783,8.46419729260134,0.407196144016643,4.1108823403583,1.51048669653208,7.87894059228927,18.8755429920062,23.9436419319553,12.4891171291221,8.32087111445131,1.99112317333104,0.242745570793086,11.7652550225433,55.3083020530836,13.9075057731963,12.0080005933364
"LV0003","Tuscaloosa",33.29022,-87.522783,8.46419729260134,0.407196144016643,4.1108823403583,1.51048669653208,7.87894059228927,18.8755429920062,23.9436419319553,12.4891171291221,8.32087111445131,1.99112317333104,0.242745570793086,11.7652550225433,55.3083020530836,13.9075057731963,12.0080005933364
"LV005","Tuscaloosa",33.29022,-87.522783,8.46419729260134,0.407196144016643,4.1108823403583,1.51048669653208,7.87894059228927,18.8755429920062,23.9436419319553,12.4891171291221,8.32087111445131,1.99112317333104,0.242745570793086,11.7652550225433,55.3083020530836,13.9075057731963,12.0080005933364
"LV1901","Tuscaloosa",33.29022,-87.522783,8.46419729260134,0.407196144016643,4.1108823403583,1.51048669653208,7.87894059228927,18.8755429920062,23.9436419319553,12.4891171291221,8.32087111445131,1.99112317333104,0.242745570793086,11.7652550225433,55.3083020530836,13.9075057731963,12.0080005933364
"JW2009","Tuscaloosa",33.29022,-87.522783,8.46419729260134,0.407196144016643,4.1108823403583,1.51048669653208,7.87894059228927,18.8755429920062,23.9436419319553,12.4891171291221,8.32087111445131,1.99112317333104,0.242745570793086,11.7652550225433,55.3083020530836,13.9075057731963,12.0080005933364
"JW2101","Tuscaloosa",33.29022,-87.522783,8.46419729260134,0.407196144016643,4.1108823403583,1.51048669653208,7.87894059228927,18.8755429920062,23.9436419319553,12.4891171291221,8.32087111445131,1.99112317333104,0.242745570793086,11.7652550225433,55.3083020530836,13.9075057731963,12.0080005933364
"26140","Tuscaloosa",33.29022,-87.522783,8.46419729260134,0.407196144016643,4.1108823403583,1.51048669653208,7.87894059228927,18.8755429920062,23.9436419319553,12.4891171291221,8.32087111445131,1.99112317333104,0.242745570793086,11.7652550225433,55.3083020530836,13.9075057731963,12.0080005933364
"24831","Tuscaloosa",33.29022,-87.522783,8.46419729260134,0.407196144016643,4.1108823403583,1.51048669653208,7.87894059228927,18.8755429920062,23.9436419319553,12.4891171291221,8.32087111445131,1.99112317333104,0.242745570793086,11.7652550225433,55.3083020530836,13.9075057731963,12.0080005933364
"JW011","Tuscaloosa",33.29022,-87.522783,8.46419729260134,0.407196144016643,4.1108823403583,1.51048669653208,7.87894059228927,18.8755429920062,23.9436419319553,12.4891171291221,8.32087111445131,1.99112317333104,0.242745570793086,11.7652550225433,55.3083020530836,13.9075057731963,12.0080005933364
